Flight_Number,Date,Route,STD,ATD,STA,ATA,STD_DateTime,ATD_DateTime,STA_DateTime,ATA_DateTime,Departure_Delay_Minutes,Arrival_Delay_Minutes,Flight_Duration_Minutes,Day_of_Week,Hour_of_Day,Weekend,Peak_Time
AI2509,2025-07-19,BOM-IXC,06:00:00,06:51:00,07:54:00,08:43:00,2025-07-19 06:00:00,2025-07-19 06:51:00,2025-07-19 07:54:00,2025-07-19 08:43:00,51,49,114,5,6,True,True
AI2509,2025-07-20,BOM-IXC,06:00:00,06:12:00,07:54:00,08:09:00,2025-07-20 06:00:00,2025-07-20 06:12:00,2025-07-20 07:54:00,2025-07-20 08:09:00,12,15,114,6,6,True,True
AI2509,2025-07-21,BOM-IXC,06:00:00,06:37:00,07:54:00,08:33:00,2025-07-21 06:00:00,2025-07-21 06:37:00,2025-07-21 07:54:00,2025-07-21 08:33:00,37,39,114,0,6,False,True
AI2509,2025-07-22,BOM-IXC,06:00:00,06:30:00,07:54:00,08:22:00,2025-07-22 06:00:00,2025-07-22 06:30:00,2025-07-22 07:54:00,2025-07-22 08:22:00,30,28,114,1,6,False,True
AI2509,2025-07-23,BOM-IXC,06:00:00,06:56:00,07:54:00,08:47:00,2025-07-23 06:00:00,2025-07-23 06:56:00,2025-07-23 07:54:00,2025-07-23 08:47:00,56,53,114,2,6,False,True
AI2509,2025-07-24,BOM-IXC,06:00:00,06:59:00,07:54:00,09:01:00,2025-07-24 06:00:00,2025-07-24 06:59:00,2025-07-24 07:54:00,2025-07-24 09:01:00,59,67,114,3,6,False,True
AI2509,2025-07-25,BOM-IXC,06:00:00,06:24:00,07:54:00,08:13:00,2025-07-25 06:00:00,2025-07-25 06:24:00,2025-07-25 07:54:00,2025-07-25 08:13:00,24,19,114,4,6,False,True
AI2625,2025-07-19,BOM-HYD,06:00:00,06:13:00,07:09:00,07:23:00,2025-07-19 06:00:00,2025-07-19 06:13:00,2025-07-19 07:09:00,2025-07-19 07:23:00,13,14,69,5,6,True,True
AI2625,2025-07-20,BOM-HYD,06:00:00,06:22:00,07:09:00,07:42:00,2025-07-20 06:00:00,2025-07-20 06:22:00,2025-07-20 07:09:00,2025-07-20 07:42:00,22,33,69,6,6,True,True
AI2625,2025-07-21,BOM-HYD,06:00:00,06:56:00,07:09:00,08:00:00,2025-07-21 06:00:00,2025-07-21 06:56:00,2025-07-21 07:09:00,2025-07-21 08:00:00,56,51,69,0,6,False,True
AI2625,2025-07-22,BOM-HYD,06:00:00,06:53:00,07:09:00,08:03:00,2025-07-22 06:00:00,2025-07-22 06:53:00,2025-07-22 07:09:00,2025-07-22 08:03:00,53,54,69,1,6,False,True
AI2625,2025-07-23,BOM-HYD,06:00:00,06:52:00,07:09:00,08:09:00,2025-07-23 06:00:00,2025-07-23 06:52:00,2025-07-23 07:09:00,2025-07-23 08:09:00,52,60,69,2,6,False,True
AI2625,2025-07-24,BOM-HYD,06:00:00,06:32:00,07:09:00,07:50:00,2025-07-24 06:00:00,2025-07-24 06:32:00,2025-07-24 07:09:00,2025-07-24 07:50:00,32,41,69,3,6,False,True
AI2625,2025-07-25,BOM-HYD,06:00:00,06:55:00,07:09:00,08:07:00,2025-07-25 06:00:00,2025-07-25 06:55:00,2025-07-25 07:09:00,2025-07-25 08:07:00,55,58,69,4,6,False,True
6E762,2025-07-19,BOM-DEL,06:00:00,06:00:00,07:42:00,07:42:00,2025-07-19 06:00:00,2025-07-19 06:00:00,2025-07-19 07:42:00,2025-07-19 07:42:00,0,0,102,5,6,True,True
6E762,2025-07-20,BOM-DEL,06:00:00,06:23:00,07:42:00,08:10:00,2025-07-20 06:00:00,2025-07-20 06:23:00,2025-07-20 07:42:00,2025-07-20 08:10:00,23,28,102,6,6,True,True
6E762,2025-07-21,BOM-DEL,06:00:00,06:18:00,07:42:00,07:59:00,2025-07-21 06:00:00,2025-07-21 06:18:00,2025-07-21 07:42:00,2025-07-21 07:59:00,18,17,102,0,6,False,True
6E762,2025-07-22,BOM-DEL,06:00:00,06:14:00,07:42:00,08:01:00,2025-07-22 06:00:00,2025-07-22 06:14:00,2025-07-22 07:42:00,2025-07-22 08:01:00,14,19,102,1,6,False,True
6E762,2025-07-23,BOM-DEL,06:00:00,06:07:00,07:42:00,07:46:00,2025-07-23 06:00:00,2025-07-23 06:07:00,2025-07-23 07:42:00,2025-07-23 07:46:00,7,4,102,2,6,False,True
6E762,2025-07-24,BOM-DEL,06:00:00,06:25:00,07:42:00,08:05:00,2025-07-24 06:00:00,2025-07-24 06:25:00,2025-07-24 07:42:00,2025-07-24 08:05:00,25,23,102,3,6,False,True
6E762,2025-07-25,BOM-DEL,06:00:00,06:23:00,07:42:00,08:11:00,2025-07-25 06:00:00,2025-07-25 06:23:00,2025-07-25 07:42:00,2025-07-25 08:11:00,23,29,102,4,6,False,True
QP1891,2025-07-19,BOM-SXR,06:05:00,06:45:00,08:17:00,09:00:00,2025-07-19 06:05:00,2025-07-19 06:45:00,2025-07-19 08:17:00,2025-07-19 09:00:00,40,43,132,5,6,True,True
QP1891,2025-07-20,BOM-SXR,06:05:00,06:09:00,08:17:00,08:30:00,2025-07-20 06:05:00,2025-07-20 06:09:00,2025-07-20 08:17:00,2025-07-20 08:30:00,4,13,132,6,6,True,True
QP1891,2025-07-21,BOM-SXR,06:05:00,06:49:00,08:17:00,08:59:00,2025-07-21 06:05:00,2025-07-21 06:49:00,2025-07-21 08:17:00,2025-07-21 08:59:00,44,42,132,0,6,False,True
QP1891,2025-07-22,BOM-SXR,06:05:00,06:39:00,08:17:00,08:48:00,2025-07-22 06:05:00,2025-07-22 06:39:00,2025-07-22 08:17:00,2025-07-22 08:48:00,34,31,132,1,6,False,True
QP1891,2025-07-23,BOM-SXR,06:05:00,06:50:00,08:17:00,09:06:00,2025-07-23 06:05:00,2025-07-23 06:50:00,2025-07-23 08:17:00,2025-07-23 09:06:00,45,49,132,2,6,False,True
QP1891,2025-07-24,BOM-SXR,06:05:00,06:55:00,08:17:00,09:21:00,2025-07-24 06:05:00,2025-07-24 06:55:00,2025-07-24 08:17:00,2025-07-24 09:21:00,50,64,132,3,6,False,True
QP1891,2025-07-25,BOM-SXR,06:05:00,06:38:00,08:17:00,09:03:00,2025-07-25 06:05:00,2025-07-25 06:38:00,2025-07-25 08:17:00,2025-07-25 09:03:00,33,46,132,4,6,False,True
6E5352,2025-07-19,BOM-BLR,06:05:00,06:06:00,07:22:00,07:20:00,2025-07-19 06:05:00,2025-07-19 06:06:00,2025-07-19 07:22:00,2025-07-19 07:20:00,1,-2,77,5,6,True,True
6E5352,2025-07-20,BOM-BLR,06:05:00,06:05:00,07:22:00,07:24:00,2025-07-20 06:05:00,2025-07-20 06:05:00,2025-07-20 07:22:00,2025-07-20 07:24:00,0,2,77,6,6,True,True
6E5352,2025-07-21,BOM-BLR,06:05:00,06:14:00,07:22:00,07:28:00,2025-07-21 06:05:00,2025-07-21 06:14:00,2025-07-21 07:22:00,2025-07-21 07:28:00,9,6,77,0,6,False,True
6E5352,2025-07-22,BOM-BLR,06:05:00,06:10:00,07:22:00,07:25:00,2025-07-22 06:05:00,2025-07-22 06:10:00,2025-07-22 07:22:00,2025-07-22 07:25:00,5,3,77,1,6,False,True
6E5352,2025-07-23,BOM-BLR,06:05:00,06:20:00,07:22:00,07:40:00,2025-07-23 06:05:00,2025-07-23 06:20:00,2025-07-23 07:22:00,2025-07-23 07:40:00,15,18,77,2,6,False,True
6E5352,2025-07-24,BOM-BLR,06:05:00,06:25:00,07:22:00,07:57:00,2025-07-24 06:05:00,2025-07-24 06:25:00,2025-07-24 07:22:00,2025-07-24 07:57:00,20,35,77,3,6,False,True
6E5352,2025-07-25,BOM-BLR,06:05:00,06:19:00,07:22:00,07:36:00,2025-07-25 06:05:00,2025-07-25 06:19:00,2025-07-25 07:22:00,2025-07-25 07:36:00,14,14,77,4,6,False,True
6E1185,2025-07-19,BOM-CMB,06:10:00,07:07:00,08:17:00,09:20:00,2025-07-19 06:10:00,2025-07-19 07:07:00,2025-07-19 08:17:00,2025-07-19 09:20:00,57,63,127,5,6,True,True
6E1185,2025-07-20,BOM-CMB,06:10:00,06:57:00,08:17:00,09:07:00,2025-07-20 06:10:00,2025-07-20 06:57:00,2025-07-20 08:17:00,2025-07-20 09:07:00,47,50,127,6,6,True,True
6E1185,2025-07-21,BOM-CMB,06:10:00,07:09:00,08:17:00,09:30:00,2025-07-21 06:10:00,2025-07-21 07:09:00,2025-07-21 08:17:00,2025-07-21 09:30:00,59,73,127,0,6,False,True
6E1185,2025-07-22,BOM-CMB,06:10:00,07:45:00,08:17:00,09:52:00,2025-07-22 06:10:00,2025-07-22 07:45:00,2025-07-22 08:17:00,2025-07-22 09:52:00,95,95,127,1,6,False,True
6E1185,2025-07-23,BOM-CMB,06:10:00,07:39:00,08:17:00,09:48:00,2025-07-23 06:10:00,2025-07-23 07:39:00,2025-07-23 08:17:00,2025-07-23 09:48:00,89,91,127,2,6,False,True
6E1185,2025-07-24,BOM-CMB,06:10:00,07:15:00,08:17:00,09:31:00,2025-07-24 06:10:00,2025-07-24 07:15:00,2025-07-24 08:17:00,2025-07-24 09:31:00,65,74,127,3,6,False,True
6E1185,2025-07-25,BOM-CMB,06:10:00,07:29:00,08:17:00,09:39:00,2025-07-25 06:10:00,2025-07-25 07:29:00,2025-07-25 08:17:00,2025-07-25 09:39:00,79,82,127,4,6,False,True
6E5349,2025-07-19,BOM-NAG,06:10:00,06:45:00,07:14:00,08:01:00,2025-07-19 06:10:00,2025-07-19 06:45:00,2025-07-19 07:14:00,2025-07-19 08:01:00,35,47,64,5,6,True,True
6E5349,2025-07-20,BOM-NAG,06:10:00,06:19:00,07:14:00,07:28:00,2025-07-20 06:10:00,2025-07-20 06:19:00,2025-07-20 07:14:00,2025-07-20 07:28:00,9,14,64,6,6,True,True
6E5349,2025-07-21,BOM-NAG,06:10:00,06:13:00,07:14:00,07:19:00,2025-07-21 06:10:00,2025-07-21 06:13:00,2025-07-21 07:14:00,2025-07-21 07:19:00,3,5,64,0,6,False,True
6E5349,2025-07-22,BOM-NAG,06:10:00,06:12:00,07:14:00,07:21:00,2025-07-22 06:10:00,2025-07-22 06:12:00,2025-07-22 07:14:00,2025-07-22 07:21:00,2,7,64,1,6,False,True
6E5349,2025-07-23,BOM-NAG,06:10:00,06:35:00,07:14:00,07:42:00,2025-07-23 06:10:00,2025-07-23 06:35:00,2025-07-23 07:14:00,2025-07-23 07:42:00,25,28,64,2,6,False,True
6E5349,2025-07-24,BOM-NAG,06:10:00,06:14:00,07:14:00,07:19:00,2025-07-24 06:10:00,2025-07-24 06:14:00,2025-07-24 07:14:00,2025-07-24 07:19:00,4,5,64,3,6,False,True
6E5349,2025-07-25,BOM-NAG,06:10:00,06:46:00,07:14:00,07:55:00,2025-07-25 06:10:00,2025-07-25 06:46:00,2025-07-25 07:14:00,2025-07-25 07:55:00,36,41,64,4,6,False,True
QO342,2025-07-19,BOM-DEL,06:15:00,06:16:00,07:56:00,08:12:00,2025-07-19 06:15:00,2025-07-19 06:16:00,2025-07-19 07:56:00,2025-07-19 08:12:00,1,16,101,5,6,True,True
QO342,2025-07-20,BOM-DEL,06:15:00,06:34:00,07:56:00,08:22:00,2025-07-20 06:15:00,2025-07-20 06:34:00,2025-07-20 07:56:00,2025-07-20 08:22:00,19,26,101,6,6,True,True
QO342,2025-07-21,BOM-DEL,06:15:00,06:33:00,07:56:00,08:13:00,2025-07-21 06:15:00,2025-07-21 06:33:00,2025-07-21 07:56:00,2025-07-21 08:13:00,18,17,101,0,6,False,True
QO342,2025-07-22,BOM-DEL,06:15:00,06:20:00,07:56:00,08:00:00,2025-07-22 06:15:00,2025-07-22 06:20:00,2025-07-22 07:56:00,2025-07-22 08:00:00,5,4,101,1,6,False,True
QO342,2025-07-23,BOM-DEL,06:15:00,06:19:00,07:56:00,08:12:00,2025-07-23 06:15:00,2025-07-23 06:19:00,2025-07-23 07:56:00,2025-07-23 08:12:00,4,16,101,2,6,False,True
QO342,2025-07-24,BOM-DEL,06:15:00,06:38:00,07:56:00,08:22:00,2025-07-24 06:15:00,2025-07-24 06:38:00,2025-07-24 07:56:00,2025-07-24 08:22:00,23,26,101,3,6,False,True
QO342,2025-07-25,BOM-DEL,06:15:00,06:41:00,07:56:00,08:30:00,2025-07-25 06:15:00,2025-07-25 06:41:00,2025-07-25 07:56:00,2025-07-25 08:30:00,26,34,101,4,6,False,True
6E6794,2025-07-19,BOM-UDR,06:15:00,06:49:00,07:18:00,07:59:00,2025-07-19 06:15:00,2025-07-19 06:49:00,2025-07-19 07:18:00,2025-07-19 07:59:00,34,41,63,5,6,True,True
6E6794,2025-07-20,BOM-UDR,06:15:00,06:35:00,07:18:00,07:40:00,2025-07-20 06:15:00,2025-07-20 06:35:00,2025-07-20 07:18:00,2025-07-20 07:40:00,20,22,63,6,6,True,True
6E6794,2025-07-21,BOM-UDR,06:15:00,06:26:00,07:18:00,07:40:00,2025-07-21 06:15:00,2025-07-21 06:26:00,2025-07-21 07:18:00,2025-07-21 07:40:00,11,22,63,0,6,False,True
6E6794,2025-07-22,BOM-UDR,06:15:00,06:49:00,07:18:00,07:49:00,2025-07-22 06:15:00,2025-07-22 06:49:00,2025-07-22 07:18:00,2025-07-22 07:49:00,34,31,63,1,6,False,True
6E6794,2025-07-23,BOM-UDR,06:15:00,06:21:00,07:18:00,07:22:00,2025-07-23 06:15:00,2025-07-23 06:21:00,2025-07-23 07:18:00,2025-07-23 07:22:00,6,4,63,2,6,False,True
6E6794,2025-07-24,BOM-UDR,06:15:00,06:27:00,07:18:00,07:45:00,2025-07-24 06:15:00,2025-07-24 06:27:00,2025-07-24 07:18:00,2025-07-24 07:45:00,12,27,63,3,6,False,True
6E6794,2025-07-25,BOM-UDR,06:15:00,06:28:00,07:18:00,07:39:00,2025-07-25 06:15:00,2025-07-25 06:28:00,2025-07-25 07:18:00,2025-07-25 07:39:00,13,21,63,4,6,False,True
6E446,2025-07-19,BOM-AMD,06:20:00,06:56:00,07:07:00,07:40:00,2025-07-19 06:20:00,2025-07-19 06:56:00,2025-07-19 07:07:00,2025-07-19 07:40:00,36,33,47,5,6,True,True
6E446,2025-07-20,BOM-AMD,06:20:00,06:42:00,07:07:00,07:36:00,2025-07-20 06:20:00,2025-07-20 06:42:00,2025-07-20 07:07:00,2025-07-20 07:36:00,22,29,47,6,6,True,True
6E446,2025-07-21,BOM-AMD,06:20:00,07:02:00,07:07:00,07:58:00,2025-07-21 06:20:00,2025-07-21 07:02:00,2025-07-21 07:07:00,2025-07-21 07:58:00,42,51,47,0,6,False,True
6E446,2025-07-22,BOM-AMD,06:20:00,06:57:00,07:07:00,07:47:00,2025-07-22 06:20:00,2025-07-22 06:57:00,2025-07-22 07:07:00,2025-07-22 07:47:00,37,40,47,1,6,False,True
6E446,2025-07-23,BOM-AMD,06:20:00,06:59:00,07:07:00,07:41:00,2025-07-23 06:20:00,2025-07-23 06:59:00,2025-07-23 07:07:00,2025-07-23 07:41:00,39,34,47,2,6,False,True
6E446,2025-07-24,BOM-AMD,06:20:00,06:31:00,07:07:00,07:30:00,2025-07-24 06:20:00,2025-07-24 06:31:00,2025-07-24 07:07:00,2025-07-24 07:30:00,11,23,47,3,6,False,True
6E446,2025-07-25,BOM-AMD,06:20:00,06:41:00,07:07:00,07:43:00,2025-07-25 06:20:00,2025-07-25 06:41:00,2025-07-25 07:07:00,2025-07-25 07:43:00,21,36,47,4,6,False,True
6E5223,2025-07-19,BOM-RPR,06:20:00,06:44:00,07:52:00,08:14:00,2025-07-19 06:20:00,2025-07-19 06:44:00,2025-07-19 07:52:00,2025-07-19 08:14:00,24,22,92,5,6,True,True
6E5223,2025-07-20,BOM-RPR,06:20:00,06:41:00,07:52:00,08:21:00,2025-07-20 06:20:00,2025-07-20 06:41:00,2025-07-20 07:52:00,2025-07-20 08:21:00,21,29,92,6,6,True,True
6E5223,2025-07-21,BOM-RPR,06:20:00,06:42:00,07:52:00,08:23:00,2025-07-21 06:20:00,2025-07-21 06:42:00,2025-07-21 07:52:00,2025-07-21 08:23:00,22,31,92,0,6,False,True
6E5223,2025-07-22,BOM-RPR,06:20:00,06:32:00,07:52:00,08:07:00,2025-07-22 06:20:00,2025-07-22 06:32:00,2025-07-22 07:52:00,2025-07-22 08:07:00,12,15,92,1,6,False,True
6E5223,2025-07-23,BOM-RPR,06:20:00,07:04:00,07:52:00,08:36:00,2025-07-23 06:20:00,2025-07-23 07:04:00,2025-07-23 07:52:00,2025-07-23 08:36:00,44,44,92,2,6,False,True
6E5223,2025-07-24,BOM-RPR,06:20:00,07:04:00,07:52:00,08:34:00,2025-07-24 06:20:00,2025-07-24 07:04:00,2025-07-24 07:52:00,2025-07-24 08:34:00,44,42,92,3,6,False,True
6E5223,2025-07-25,BOM-RPR,06:20:00,07:12:00,07:52:00,08:48:00,2025-07-25 06:20:00,2025-07-25 07:12:00,2025-07-25 07:52:00,2025-07-25 08:48:00,52,56,92,4,6,False,True
OV760,2025-07-19,BOM-MCT,06:25:00,07:26:00,08:28:00,09:40:00,2025-07-19 06:25:00,2025-07-19 07:26:00,2025-07-19 08:28:00,2025-07-19 09:40:00,61,72,123,5,6,True,True
OV760,2025-07-20,BOM-MCT,06:25:00,07:24:00,08:28:00,09:28:00,2025-07-20 06:25:00,2025-07-20 07:24:00,2025-07-20 08:28:00,2025-07-20 09:28:00,59,60,123,6,6,True,True
OV760,2025-07-21,BOM-MCT,06:25:00,07:11:00,08:28:00,09:20:00,2025-07-21 06:25:00,2025-07-21 07:11:00,2025-07-21 08:28:00,2025-07-21 09:20:00,46,52,123,0,6,False,True
OV760,2025-07-22,BOM-MCT,06:25:00,07:12:00,08:28:00,09:27:00,2025-07-22 06:25:00,2025-07-22 07:12:00,2025-07-22 08:28:00,2025-07-22 09:27:00,47,59,123,1,6,False,True
OV760,2025-07-23,BOM-MCT,06:25:00,07:35:00,08:28:00,09:33:00,2025-07-23 06:25:00,2025-07-23 07:35:00,2025-07-23 08:28:00,2025-07-23 09:33:00,70,65,123,2,6,False,True
OV760,2025-07-24,BOM-MCT,06:25:00,07:40:00,08:28:00,09:48:00,2025-07-24 06:25:00,2025-07-24 07:40:00,2025-07-24 08:28:00,2025-07-24 09:48:00,75,80,123,3,6,False,True
OV760,2025-07-25,BOM-MCT,06:25:00,07:33:00,08:28:00,09:31:00,2025-07-25 06:25:00,2025-07-25 07:33:00,2025-07-25 08:28:00,2025-07-25 09:31:00,68,63,123,4,6,False,True
6E5188,2025-07-19,BOM-MAA,06:25:00,06:32:00,07:59:00,08:12:00,2025-07-19 06:25:00,2025-07-19 06:32:00,2025-07-19 07:59:00,2025-07-19 08:12:00,7,13,94,5,6,True,True
6E5188,2025-07-20,BOM-MAA,06:25:00,06:44:00,07:59:00,08:20:00,2025-07-20 06:25:00,2025-07-20 06:44:00,2025-07-20 07:59:00,2025-07-20 08:20:00,19,21,94,6,6,True,True
6E5188,2025-07-21,BOM-MAA,06:25:00,06:35:00,07:59:00,08:11:00,2025-07-21 06:25:00,2025-07-21 06:35:00,2025-07-21 07:59:00,2025-07-21 08:11:00,10,12,94,0,6,False,True
6E5188,2025-07-22,BOM-MAA,06:25:00,07:08:00,07:59:00,08:39:00,2025-07-22 06:25:00,2025-07-22 07:08:00,2025-07-22 07:59:00,2025-07-22 08:39:00,43,40,94,1,6,False,True
6E5188,2025-07-23,BOM-MAA,06:25:00,06:37:00,07:59:00,08:21:00,2025-07-23 06:25:00,2025-07-23 06:37:00,2025-07-23 07:59:00,2025-07-23 08:21:00,12,22,94,2,6,False,True
6E5188,2025-07-24,BOM-MAA,06:25:00,06:36:00,07:59:00,08:22:00,2025-07-24 06:25:00,2025-07-24 06:36:00,2025-07-24 07:59:00,2025-07-24 08:22:00,11,23,94,3,6,False,True
6E5188,2025-07-25,BOM-MAA,06:25:00,06:40:00,07:59:00,08:13:00,2025-07-25 06:25:00,2025-07-25 06:40:00,2025-07-25 07:59:00,2025-07-25 08:13:00,15,14,94,4,6,False,True
GF57,2025-07-19,BOM-BAH,06:30:00,07:32:00,09:32:00,10:46:00,2025-07-19 06:30:00,2025-07-19 07:32:00,2025-07-19 09:32:00,2025-07-19 10:46:00,62,74,182,5,6,True,True
GF57,2025-07-20,BOM-BAH,06:30:00,07:12:00,09:32:00,10:17:00,2025-07-20 06:30:00,2025-07-20 07:12:00,2025-07-20 09:32:00,2025-07-20 10:17:00,42,45,182,6,6,True,True
GF57,2025-07-21,BOM-BAH,06:30:00,07:55:00,09:32:00,11:11:00,2025-07-21 06:30:00,2025-07-21 07:55:00,2025-07-21 09:32:00,2025-07-21 11:11:00,85,99,182,0,6,False,True
GF57,2025-07-22,BOM-BAH,06:30:00,07:49:00,09:32:00,10:52:00,2025-07-22 06:30:00,2025-07-22 07:49:00,2025-07-22 09:32:00,2025-07-22 10:52:00,79,80,182,1,6,False,True
GF57,2025-07-23,BOM-BAH,06:30:00,07:56:00,09:32:00,10:59:00,2025-07-23 06:30:00,2025-07-23 07:56:00,2025-07-23 09:32:00,2025-07-23 10:59:00,86,87,182,2,6,False,True
GF57,2025-07-24,BOM-BAH,06:30:00,07:41:00,09:32:00,10:50:00,2025-07-24 06:30:00,2025-07-24 07:41:00,2025-07-24 09:32:00,2025-07-24 10:50:00,71,78,182,3,6,False,True
GF57,2025-07-25,BOM-BAH,06:30:00,07:45:00,09:32:00,10:56:00,2025-07-25 06:30:00,2025-07-25 07:45:00,2025-07-25 09:32:00,2025-07-25 10:56:00,75,84,182,4,6,False,True
AI2603,2025-07-19,BOM-BLR,06:35:00,07:11:00,07:53:00,08:38:00,2025-07-19 06:35:00,2025-07-19 07:11:00,2025-07-19 07:53:00,2025-07-19 08:38:00,36,45,78,5,6,True,True
AI2603,2025-07-20,BOM-BLR,06:35:00,06:45:00,07:53:00,08:05:00,2025-07-20 06:35:00,2025-07-20 06:45:00,2025-07-20 07:53:00,2025-07-20 08:05:00,10,12,78,6,6,True,True
AI2603,2025-07-21,BOM-BLR,06:35:00,07:01:00,07:53:00,08:16:00,2025-07-21 06:35:00,2025-07-21 07:01:00,2025-07-21 07:53:00,2025-07-21 08:16:00,26,23,78,0,6,False,True
AI2603,2025-07-22,BOM-BLR,06:35:00,07:08:00,07:53:00,08:21:00,2025-07-22 06:35:00,2025-07-22 07:08:00,2025-07-22 07:53:00,2025-07-22 08:21:00,33,28,78,1,6,False,True
AI2603,2025-07-23,BOM-BLR,06:35:00,07:24:00,07:53:00,08:54:00,2025-07-23 06:35:00,2025-07-23 07:24:00,2025-07-23 07:53:00,2025-07-23 08:54:00,49,61,78,2,6,False,True
AI2603,2025-07-24,BOM-BLR,06:35:00,07:01:00,07:53:00,08:32:00,2025-07-24 06:35:00,2025-07-24 07:01:00,2025-07-24 07:53:00,2025-07-24 08:32:00,26,39,78,3,6,False,True
AI2603,2025-07-25,BOM-BLR,06:35:00,07:01:00,07:53:00,08:14:00,2025-07-25 06:35:00,2025-07-25 07:01:00,2025-07-25 07:53:00,2025-07-25 08:14:00,26,21,78,4,6,False,True
6E1601,2025-07-19,BOM-CGK,07:35:00,07:57:00,13:40:00,14:17:00,2025-07-19 07:35:00,2025-07-19 07:57:00,2025-07-19 13:40:00,2025-07-19 14:17:00,22,37,365,5,7,True,True
6E1601,2025-07-20,BOM-CGK,07:35:00,07:56:00,13:40:00,14:03:00,2025-07-20 07:35:00,2025-07-20 07:56:00,2025-07-20 13:40:00,2025-07-20 14:03:00,21,23,365,6,7,True,True
6E1601,2025-07-21,BOM-CGK,07:35:00,08:12:00,13:40:00,14:13:00,2025-07-21 07:35:00,2025-07-21 08:12:00,2025-07-21 13:40:00,2025-07-21 14:13:00,37,33,365,0,7,False,True
6E1601,2025-07-22,BOM-CGK,07:35:00,08:29:00,13:40:00,14:31:00,2025-07-22 07:35:00,2025-07-22 08:29:00,2025-07-22 13:40:00,2025-07-22 14:31:00,54,51,365,1,7,False,True
6E1601,2025-07-23,BOM-CGK,07:35:00,08:40:00,13:40:00,14:47:00,2025-07-23 07:35:00,2025-07-23 08:40:00,2025-07-23 13:40:00,2025-07-23 14:47:00,65,67,365,2,7,False,True
6E1601,2025-07-24,BOM-CGK,07:35:00,08:25:00,13:40:00,14:40:00,2025-07-24 07:35:00,2025-07-24 08:25:00,2025-07-24 13:40:00,2025-07-24 14:40:00,50,60,365,3,7,False,True
6E1601,2025-07-25,BOM-CGK,07:35:00,08:21:00,13:40:00,14:38:00,2025-07-25 07:35:00,2025-07-25 08:21:00,2025-07-25 13:40:00,2025-07-25 14:38:00,46,58,365,4,7,False,True
AI2428,2025-07-19,BOM-DEL,06:40:00,06:57:00,08:25:00,08:55:00,2025-07-19 06:40:00,2025-07-19 06:57:00,2025-07-19 08:25:00,2025-07-19 08:55:00,17,30,105,5,6,True,True
AI2428,2025-07-20,BOM-DEL,06:40:00,07:25:00,08:25:00,09:20:00,2025-07-20 06:40:00,2025-07-20 07:25:00,2025-07-20 08:25:00,2025-07-20 09:20:00,45,55,105,6,6,True,True
AI2428,2025-07-21,BOM-DEL,06:40:00,07:14:00,08:25:00,09:09:00,2025-07-21 06:40:00,2025-07-21 07:14:00,2025-07-21 08:25:00,2025-07-21 09:09:00,34,44,105,0,6,False,True
AI2428,2025-07-22,BOM-DEL,06:40:00,07:25:00,08:25:00,09:11:00,2025-07-22 06:40:00,2025-07-22 07:25:00,2025-07-22 08:25:00,2025-07-22 09:11:00,45,46,105,1,6,False,True
AI2428,2025-07-23,BOM-DEL,06:40:00,07:05:00,08:25:00,08:48:00,2025-07-23 06:40:00,2025-07-23 07:05:00,2025-07-23 08:25:00,2025-07-23 08:48:00,25,23,105,2,6,False,True
AI2428,2025-07-24,BOM-DEL,06:40:00,07:26:00,08:25:00,09:17:00,2025-07-24 06:40:00,2025-07-24 07:26:00,2025-07-24 08:25:00,2025-07-24 09:17:00,46,52,105,3,6,False,True
AI2428,2025-07-25,BOM-DEL,06:40:00,07:26:00,08:25:00,09:19:00,2025-07-25 06:40:00,2025-07-25 07:26:00,2025-07-25 08:25:00,2025-07-25 09:19:00,46,54,105,4,6,False,True
TK721,2025-07-19,BOM-IST,06:40:00,07:41:00,12:56:00,13:53:00,2025-07-19 06:40:00,2025-07-19 07:41:00,2025-07-19 12:56:00,2025-07-19 13:53:00,61,57,376,5,6,True,True
TK721,2025-07-20,BOM-IST,06:40:00,07:18:00,12:56:00,13:30:00,2025-07-20 06:40:00,2025-07-20 07:18:00,2025-07-20 12:56:00,2025-07-20 13:30:00,38,34,376,6,6,True,True
TK721,2025-07-21,BOM-IST,06:40:00,07:57:00,12:56:00,14:18:00,2025-07-21 06:40:00,2025-07-21 07:57:00,2025-07-21 12:56:00,2025-07-21 14:18:00,77,82,376,0,6,False,True
TK721,2025-07-22,BOM-IST,06:40:00,07:38:00,12:56:00,13:56:00,2025-07-22 06:40:00,2025-07-22 07:38:00,2025-07-22 12:56:00,2025-07-22 13:56:00,58,60,376,1,6,False,True
TK721,2025-07-23,BOM-IST,06:40:00,07:44:00,12:56:00,14:01:00,2025-07-23 06:40:00,2025-07-23 07:44:00,2025-07-23 12:56:00,2025-07-23 14:01:00,64,65,376,2,6,False,True
TK721,2025-07-24,BOM-IST,06:40:00,08:06:00,12:56:00,14:31:00,2025-07-24 06:40:00,2025-07-24 08:06:00,2025-07-24 12:56:00,2025-07-24 14:31:00,86,95,376,3,6,False,True
TK721,2025-07-25,BOM-IST,06:40:00,07:40:00,12:56:00,14:04:00,2025-07-25 06:40:00,2025-07-25 07:40:00,2025-07-25 12:56:00,2025-07-25 14:04:00,60,68,376,4,6,False,True
6E294,2025-07-19,BOM-IDR,06:40:00,06:44:00,07:35:00,07:42:00,2025-07-19 06:40:00,2025-07-19 06:44:00,2025-07-19 07:35:00,2025-07-19 07:42:00,4,7,55,5,6,True,True
6E294,2025-07-20,BOM-IDR,06:40:00,07:02:00,07:35:00,07:59:00,2025-07-20 06:40:00,2025-07-20 07:02:00,2025-07-20 07:35:00,2025-07-20 07:59:00,22,24,55,6,6,True,True
6E294,2025-07-21,BOM-IDR,06:40:00,06:41:00,07:35:00,07:45:00,2025-07-21 06:40:00,2025-07-21 06:41:00,2025-07-21 07:35:00,2025-07-21 07:45:00,1,10,55,0,6,False,True
6E294,2025-07-22,BOM-IDR,06:40:00,07:12:00,07:35:00,08:05:00,2025-07-22 06:40:00,2025-07-22 07:12:00,2025-07-22 07:35:00,2025-07-22 08:05:00,32,30,55,1,6,False,True
6E294,2025-07-23,BOM-IDR,06:40:00,06:40:00,07:35:00,07:50:00,2025-07-23 06:40:00,2025-07-23 06:40:00,2025-07-23 07:35:00,2025-07-23 07:50:00,0,15,55,2,6,False,True
6E294,2025-07-24,BOM-IDR,06:40:00,07:11:00,07:35:00,08:01:00,2025-07-24 06:40:00,2025-07-24 07:11:00,2025-07-24 07:35:00,2025-07-24 08:01:00,31,26,55,3,6,False,True
6E294,2025-07-25,BOM-IDR,06:40:00,06:42:00,07:35:00,07:39:00,2025-07-25 06:40:00,2025-07-25 06:42:00,2025-07-25 07:35:00,2025-07-25 07:39:00,2,4,55,4,6,False,True
AI2771,2025-07-19,BOM-CCU,06:45:00,06:55:00,09:12:00,09:30:00,2025-07-19 06:45:00,2025-07-19 06:55:00,2025-07-19 09:12:00,2025-07-19 09:30:00,10,18,147,5,6,True,True
AI2771,2025-07-20,BOM-CCU,06:45:00,07:16:00,09:12:00,09:53:00,2025-07-20 06:45:00,2025-07-20 07:16:00,2025-07-20 09:12:00,2025-07-20 09:53:00,31,41,147,6,6,True,True
AI2771,2025-07-21,BOM-CCU,06:45:00,07:05:00,09:12:00,09:39:00,2025-07-21 06:45:00,2025-07-21 07:05:00,2025-07-21 09:12:00,2025-07-21 09:39:00,20,27,147,0,6,False,True
AI2771,2025-07-22,BOM-CCU,06:45:00,06:55:00,09:12:00,09:22:00,2025-07-22 06:45:00,2025-07-22 06:55:00,2025-07-22 09:12:00,2025-07-22 09:22:00,10,10,147,1,6,False,True
AI2771,2025-07-23,BOM-CCU,06:45:00,07:16:00,09:12:00,09:38:00,2025-07-23 06:45:00,2025-07-23 07:16:00,2025-07-23 09:12:00,2025-07-23 09:38:00,31,26,147,2,6,False,True
AI2771,2025-07-24,BOM-CCU,06:45:00,07:16:00,09:12:00,09:46:00,2025-07-24 06:45:00,2025-07-24 07:16:00,2025-07-24 09:12:00,2025-07-24 09:46:00,31,34,147,3,6,False,True
AI2771,2025-07-25,BOM-CCU,06:45:00,07:21:00,09:12:00,09:52:00,2025-07-25 06:45:00,2025-07-25 07:21:00,2025-07-25 09:12:00,2025-07-25 09:52:00,36,40,147,4,6,False,True
AI2739,2025-07-19,BOM-MAA,09:00:00,09:27:00,10:34:00,11:13:00,2025-07-19 09:00:00,2025-07-19 09:27:00,2025-07-19 10:34:00,2025-07-19 11:13:00,27,39,94,5,9,True,False
AI2739,2025-07-20,BOM-MAA,09:00:00,09:31:00,10:34:00,11:04:00,2025-07-20 09:00:00,2025-07-20 09:31:00,2025-07-20 10:34:00,2025-07-20 11:04:00,31,30,94,6,9,True,False
AI2739,2025-07-21,BOM-MAA,09:00:00,09:19:00,10:34:00,10:57:00,2025-07-21 09:00:00,2025-07-21 09:19:00,2025-07-21 10:34:00,2025-07-21 10:57:00,19,23,94,0,9,False,False
AI2739,2025-07-22,BOM-MAA,09:00:00,09:20:00,10:34:00,10:50:00,2025-07-22 09:00:00,2025-07-22 09:20:00,2025-07-22 10:34:00,2025-07-22 10:50:00,20,16,94,1,9,False,False
AI2739,2025-07-23,BOM-MAA,09:00:00,09:44:00,10:34:00,11:30:00,2025-07-23 09:00:00,2025-07-23 09:44:00,2025-07-23 10:34:00,2025-07-23 11:30:00,44,56,94,2,9,False,False
AI2739,2025-07-24,BOM-MAA,09:00:00,09:10:00,10:34:00,10:49:00,2025-07-24 09:00:00,2025-07-24 09:10:00,2025-07-24 10:34:00,2025-07-24 10:49:00,10,15,94,3,9,False,False
AI2739,2025-07-25,BOM-MAA,09:00:00,09:10:00,10:34:00,10:40:00,2025-07-25 09:00:00,2025-07-25 09:10:00,2025-07-25 10:34:00,2025-07-25 10:40:00,10,6,94,4,9,False,False
QP1518,2025-07-19,BOM-COK,09:10:00,10:37:00,10:43:00,12:20:00,2025-07-19 09:10:00,2025-07-19 10:37:00,2025-07-19 10:43:00,2025-07-19 12:20:00,87,97,93,5,9,True,False
QP1518,2025-07-20,BOM-COK,09:10:00,10:32:00,10:43:00,12:16:00,2025-07-20 09:10:00,2025-07-20 10:32:00,2025-07-20 10:43:00,2025-07-20 12:16:00,82,93,93,6,9,True,False
QP1518,2025-07-21,BOM-COK,09:10:00,10:38:00,10:43:00,12:07:00,2025-07-21 09:10:00,2025-07-21 10:38:00,2025-07-21 10:43:00,2025-07-21 12:07:00,88,84,93,0,9,False,False
QP1518,2025-07-22,BOM-COK,09:10:00,11:00:00,10:43:00,12:30:00,2025-07-22 09:10:00,2025-07-22 11:00:00,2025-07-22 10:43:00,2025-07-22 12:30:00,110,107,93,1,9,False,False
QP1518,2025-07-23,BOM-COK,09:10:00,10:39:00,10:43:00,12:09:00,2025-07-23 09:10:00,2025-07-23 10:39:00,2025-07-23 10:43:00,2025-07-23 12:09:00,89,86,93,2,9,False,False
QP1518,2025-07-24,BOM-COK,09:10:00,11:06:00,10:43:00,12:36:00,2025-07-24 09:10:00,2025-07-24 11:06:00,2025-07-24 10:43:00,2025-07-24 12:36:00,116,113,93,3,9,False,False
QP1518,2025-07-25,BOM-COK,09:10:00,10:43:00,10:43:00,12:23:00,2025-07-25 09:10:00,2025-07-25 10:43:00,2025-07-25 10:43:00,2025-07-25 12:23:00,93,100,93,4,9,False,False
AI645,2025-07-19,BOM-JDH,09:15:00,09:33:00,10:34:00,11:05:00,2025-07-19 09:15:00,2025-07-19 09:33:00,2025-07-19 10:34:00,2025-07-19 11:05:00,18,31,79,5,9,True,False
AI645,2025-07-20,BOM-JDH,09:15:00,09:41:00,10:34:00,11:13:00,2025-07-20 09:15:00,2025-07-20 09:41:00,2025-07-20 10:34:00,2025-07-20 11:13:00,26,39,79,6,9,True,False
AI645,2025-07-21,BOM-JDH,09:15:00,10:16:00,10:34:00,11:31:00,2025-07-21 09:15:00,2025-07-21 10:16:00,2025-07-21 10:34:00,2025-07-21 11:31:00,61,57,79,0,9,False,False
AI645,2025-07-22,BOM-JDH,09:15:00,10:17:00,10:34:00,11:33:00,2025-07-22 09:15:00,2025-07-22 10:17:00,2025-07-22 10:34:00,2025-07-22 11:33:00,62,59,79,1,9,False,False
AI645,2025-07-23,BOM-JDH,09:15:00,10:04:00,10:34:00,11:36:00,2025-07-23 09:15:00,2025-07-23 10:04:00,2025-07-23 10:34:00,2025-07-23 11:36:00,49,62,79,2,9,False,False
AI645,2025-07-24,BOM-JDH,09:15:00,10:14:00,10:34:00,11:44:00,2025-07-24 09:15:00,2025-07-24 10:14:00,2025-07-24 10:34:00,2025-07-24 11:44:00,59,70,79,3,9,False,False
AI645,2025-07-25,BOM-JDH,09:15:00,09:58:00,10:34:00,11:20:00,2025-07-25 09:15:00,2025-07-25 09:58:00,2025-07-25 10:34:00,2025-07-25 11:20:00,43,46,79,4,9,False,False
6E6057,2025-07-19,BOM-GOX,09:15:00,09:38:00,09:59:00,10:27:00,2025-07-19 09:15:00,2025-07-19 09:38:00,2025-07-19 09:59:00,2025-07-19 10:27:00,23,28,44,5,9,True,False
6E6057,2025-07-20,BOM-GOX,09:15:00,09:40:00,09:59:00,10:27:00,2025-07-20 09:15:00,2025-07-20 09:40:00,2025-07-20 09:59:00,2025-07-20 10:27:00,25,28,44,6,9,True,False
6E6057,2025-07-21,BOM-GOX,09:15:00,10:01:00,09:59:00,10:44:00,2025-07-21 09:15:00,2025-07-21 10:01:00,2025-07-21 09:59:00,2025-07-21 10:44:00,46,45,44,0,9,False,False
6E6057,2025-07-22,BOM-GOX,09:15:00,09:55:00,09:59:00,10:48:00,2025-07-22 09:15:00,2025-07-22 09:55:00,2025-07-22 09:59:00,2025-07-22 10:48:00,40,49,44,1,9,False,False
6E6057,2025-07-23,BOM-GOX,09:15:00,09:56:00,09:59:00,10:37:00,2025-07-23 09:15:00,2025-07-23 09:56:00,2025-07-23 09:59:00,2025-07-23 10:37:00,41,38,44,2,9,False,False
6E6057,2025-07-24,BOM-GOX,09:15:00,09:36:00,09:59:00,10:29:00,2025-07-24 09:15:00,2025-07-24 09:36:00,2025-07-24 09:59:00,2025-07-24 10:29:00,21,30,44,3,9,False,False
6E6057,2025-07-25,BOM-GOX,09:15:00,10:15:00,09:59:00,11:12:00,2025-07-25 09:15:00,2025-07-25 10:15:00,2025-07-25 09:59:00,2025-07-25 11:12:00,60,73,44,4,9,False,False
AI2863,2025-07-19,BOM-BLR,09:20:00,09:32:00,10:41:00,10:50:00,2025-07-19 09:20:00,2025-07-19 09:32:00,2025-07-19 10:41:00,2025-07-19 10:50:00,12,9,81,5,9,True,False
AI2863,2025-07-20,BOM-BLR,09:20:00,10:00:00,10:41:00,11:22:00,2025-07-20 09:20:00,2025-07-20 10:00:00,2025-07-20 10:41:00,2025-07-20 11:22:00,40,41,81,6,9,True,False
AI2863,2025-07-21,BOM-BLR,09:20:00,10:07:00,10:41:00,11:31:00,2025-07-21 09:20:00,2025-07-21 10:07:00,2025-07-21 10:41:00,2025-07-21 11:31:00,47,50,81,0,9,False,False
AI2863,2025-07-22,BOM-BLR,09:20:00,09:43:00,10:41:00,11:10:00,2025-07-22 09:20:00,2025-07-22 09:43:00,2025-07-22 10:41:00,2025-07-22 11:10:00,23,29,81,1,9,False,False
AI2863,2025-07-23,BOM-BLR,09:20:00,09:39:00,10:41:00,11:02:00,2025-07-23 09:20:00,2025-07-23 09:39:00,2025-07-23 10:41:00,2025-07-23 11:02:00,19,21,81,2,9,False,False
AI2863,2025-07-24,BOM-BLR,09:20:00,09:58:00,10:41:00,11:23:00,2025-07-24 09:20:00,2025-07-24 09:58:00,2025-07-24 10:41:00,2025-07-24 11:23:00,38,42,81,3,9,False,False
AI2863,2025-07-25,BOM-BLR,09:20:00,09:45:00,10:41:00,11:15:00,2025-07-25 09:20:00,2025-07-25 09:45:00,2025-07-25 10:41:00,2025-07-25 11:15:00,25,34,81,4,9,False,False
AI2960,2025-07-19,BOM-DEL,09:25:00,10:03:00,11:08:00,11:50:00,2025-07-19 09:25:00,2025-07-19 10:03:00,2025-07-19 11:08:00,2025-07-19 11:50:00,38,42,103,5,9,True,False
AI2960,2025-07-20,BOM-DEL,09:25:00,10:08:00,11:08:00,12:06:00,2025-07-20 09:25:00,2025-07-20 10:08:00,2025-07-20 11:08:00,2025-07-20 12:06:00,43,58,103,6,9,True,False
AI2960,2025-07-21,BOM-DEL,09:25:00,10:10:00,11:08:00,11:48:00,2025-07-21 09:25:00,2025-07-21 10:10:00,2025-07-21 11:08:00,2025-07-21 11:48:00,45,40,103,0,9,False,False
AI2960,2025-07-22,BOM-DEL,09:25:00,10:12:00,11:08:00,11:59:00,2025-07-22 09:25:00,2025-07-22 10:12:00,2025-07-22 11:08:00,2025-07-22 11:59:00,47,51,103,1,9,False,False
AI2960,2025-07-23,BOM-DEL,09:25:00,09:43:00,11:08:00,11:25:00,2025-07-23 09:25:00,2025-07-23 09:43:00,2025-07-23 11:08:00,2025-07-23 11:25:00,18,17,103,2,9,False,False
AI2960,2025-07-24,BOM-DEL,09:25:00,09:53:00,11:08:00,11:34:00,2025-07-24 09:25:00,2025-07-24 09:53:00,2025-07-24 11:08:00,2025-07-24 11:34:00,28,26,103,3,9,False,False
AI2960,2025-07-25,BOM-DEL,09:25:00,09:43:00,11:08:00,11:38:00,2025-07-25 09:25:00,2025-07-25 09:43:00,2025-07-25 11:08:00,2025-07-25 11:38:00,18,30,103,4,9,False,False
BA134,2025-07-19,BOM-LHR,09:30:00,10:35:00,18:22:00,19:30:00,2025-07-19 09:30:00,2025-07-19 10:35:00,2025-07-19 18:22:00,2025-07-19 19:30:00,65,68,532,5,9,True,False
BA134,2025-07-20,BOM-LHR,09:30:00,10:44:00,18:22:00,19:50:00,2025-07-20 09:30:00,2025-07-20 10:44:00,2025-07-20 18:22:00,2025-07-20 19:50:00,74,88,532,6,9,True,False
BA134,2025-07-21,BOM-LHR,09:30:00,11:10:00,18:22:00,20:07:00,2025-07-21 09:30:00,2025-07-21 11:10:00,2025-07-21 18:22:00,2025-07-21 20:07:00,100,105,532,0,9,False,False
BA134,2025-07-22,BOM-LHR,09:30:00,11:10:00,18:22:00,20:17:00,2025-07-22 09:30:00,2025-07-22 11:10:00,2025-07-22 18:22:00,2025-07-22 20:17:00,100,115,532,1,9,False,False
BA134,2025-07-23,BOM-LHR,09:30:00,11:13:00,18:22:00,20:16:00,2025-07-23 09:30:00,2025-07-23 11:13:00,2025-07-23 18:22:00,2025-07-23 20:16:00,103,114,532,2,9,False,False
BA134,2025-07-24,BOM-LHR,09:30:00,11:28:00,18:22:00,20:23:00,2025-07-24 09:30:00,2025-07-24 11:28:00,2025-07-24 18:22:00,2025-07-24 20:23:00,118,121,532,3,9,False,False
BA134,2025-07-25,BOM-LHR,09:30:00,11:00:00,18:22:00,19:49:00,2025-07-25 09:30:00,2025-07-25 11:00:00,2025-07-25 18:22:00,2025-07-25 19:49:00,90,87,532,4,9,False,False
S5161,2025-07-19,BOM-KLH,09:30:00,10:37:00,10:11:00,11:26:00,2025-07-19 09:30:00,2025-07-19 10:37:00,2025-07-19 10:11:00,2025-07-19 11:26:00,67,75,41,5,9,True,False
S5161,2025-07-20,BOM-KLH,09:30:00,10:14:00,10:11:00,10:51:00,2025-07-20 09:30:00,2025-07-20 10:14:00,2025-07-20 10:11:00,2025-07-20 10:51:00,44,40,41,6,9,True,False
S5161,2025-07-21,BOM-KLH,09:30:00,10:15:00,10:11:00,11:01:00,2025-07-21 09:30:00,2025-07-21 10:15:00,2025-07-21 10:11:00,2025-07-21 11:01:00,45,50,41,0,9,False,False
S5161,2025-07-22,BOM-KLH,09:30:00,10:23:00,10:11:00,11:19:00,2025-07-22 09:30:00,2025-07-22 10:23:00,2025-07-22 10:11:00,2025-07-22 11:19:00,53,68,41,1,9,False,False
S5161,2025-07-23,BOM-KLH,09:30:00,10:31:00,10:11:00,11:12:00,2025-07-23 09:30:00,2025-07-23 10:31:00,2025-07-23 10:11:00,2025-07-23 11:12:00,61,61,41,2,9,False,False
S5161,2025-07-24,BOM-KLH,09:30:00,10:43:00,10:11:00,11:36:00,2025-07-24 09:30:00,2025-07-24 10:43:00,2025-07-24 10:11:00,2025-07-24 11:36:00,73,85,41,3,9,False,False
S5161,2025-07-25,BOM-KLH,09:30:00,10:42:00,10:11:00,11:35:00,2025-07-25 09:30:00,2025-07-25 10:42:00,2025-07-25 10:11:00,2025-07-25 11:35:00,72,84,41,4,9,False,False
6E1305,2025-07-19,BOM-DOH,09:35:00,10:26:00,12:27:00,13:16:00,2025-07-19 09:35:00,2025-07-19 10:26:00,2025-07-19 12:27:00,2025-07-19 13:16:00,51,49,172,5,9,True,False
6E1305,2025-07-20,BOM-DOH,09:35:00,10:30:00,12:27:00,13:21:00,2025-07-20 09:35:00,2025-07-20 10:30:00,2025-07-20 12:27:00,2025-07-20 13:21:00,55,54,172,6,9,True,False
6E1305,2025-07-21,BOM-DOH,09:35:00,11:28:00,12:27:00,14:16:00,2025-07-21 09:35:00,2025-07-21 11:28:00,2025-07-21 12:27:00,2025-07-21 14:16:00,113,109,172,0,9,False,False
6E1305,2025-07-22,BOM-DOH,09:35:00,11:17:00,12:27:00,14:22:00,2025-07-22 09:35:00,2025-07-22 11:17:00,2025-07-22 12:27:00,2025-07-22 14:22:00,102,115,172,1,9,False,False
6E1305,2025-07-23,BOM-DOH,09:35:00,11:29:00,12:27:00,14:20:00,2025-07-23 09:35:00,2025-07-23 11:29:00,2025-07-23 12:27:00,2025-07-23 14:20:00,114,113,172,2,9,False,False
6E1305,2025-07-24,BOM-DOH,09:35:00,11:21:00,12:27:00,14:12:00,2025-07-24 09:35:00,2025-07-24 11:21:00,2025-07-24 12:27:00,2025-07-24 14:12:00,106,105,172,3,9,False,False
6E1305,2025-07-25,BOM-DOH,09:35:00,10:56:00,12:27:00,13:52:00,2025-07-25 09:35:00,2025-07-25 10:56:00,2025-07-25 12:27:00,2025-07-25 13:52:00,81,85,172,4,9,False,False
AI2663,2025-07-19,BOM-SXR,09:40:00,10:19:00,12:00:00,12:35:00,2025-07-19 09:40:00,2025-07-19 10:19:00,2025-07-19 12:00:00,2025-07-19 12:35:00,39,35,140,5,9,True,False
AI2663,2025-07-20,BOM-SXR,09:40:00,10:18:00,12:00:00,12:39:00,2025-07-20 09:40:00,2025-07-20 10:18:00,2025-07-20 12:00:00,2025-07-20 12:39:00,38,39,140,6,9,True,False
AI2663,2025-07-21,BOM-SXR,09:40:00,10:24:00,12:00:00,12:42:00,2025-07-21 09:40:00,2025-07-21 10:24:00,2025-07-21 12:00:00,2025-07-21 12:42:00,44,42,140,0,9,False,False
AI2663,2025-07-22,BOM-SXR,09:40:00,10:31:00,12:00:00,13:03:00,2025-07-22 09:40:00,2025-07-22 10:31:00,2025-07-22 12:00:00,2025-07-22 13:03:00,51,63,140,1,9,False,False
AI2663,2025-07-23,BOM-SXR,09:40:00,10:35:00,12:00:00,13:09:00,2025-07-23 09:40:00,2025-07-23 10:35:00,2025-07-23 12:00:00,2025-07-23 13:09:00,55,69,140,2,9,False,False
AI2663,2025-07-24,BOM-SXR,09:40:00,10:18:00,12:00:00,12:40:00,2025-07-24 09:40:00,2025-07-24 10:18:00,2025-07-24 12:00:00,2025-07-24 12:40:00,38,40,140,3,9,False,False
AI2663,2025-07-25,BOM-SXR,09:40:00,10:19:00,12:00:00,12:39:00,2025-07-25 09:40:00,2025-07-25 10:19:00,2025-07-25 12:00:00,2025-07-25 12:39:00,39,39,140,4,9,False,False
6E1115,2025-07-19,BOM-DAC,09:40:00,10:37:00,12:21:00,13:13:00,2025-07-19 09:40:00,2025-07-19 10:37:00,2025-07-19 12:21:00,2025-07-19 13:13:00,57,52,161,5,9,True,False
6E1115,2025-07-20,BOM-DAC,09:40:00,10:22:00,12:21:00,13:08:00,2025-07-20 09:40:00,2025-07-20 10:22:00,2025-07-20 12:21:00,2025-07-20 13:08:00,42,47,161,6,9,True,False
6E1115,2025-07-21,BOM-DAC,09:40:00,10:57:00,12:21:00,13:40:00,2025-07-21 09:40:00,2025-07-21 10:57:00,2025-07-21 12:21:00,2025-07-21 13:40:00,77,79,161,0,9,False,False
6E1115,2025-07-22,BOM-DAC,09:40:00,10:48:00,12:21:00,13:29:00,2025-07-22 09:40:00,2025-07-22 10:48:00,2025-07-22 12:21:00,2025-07-22 13:29:00,68,68,161,1,9,False,False
6E1115,2025-07-23,BOM-DAC,09:40:00,10:37:00,12:21:00,13:25:00,2025-07-23 09:40:00,2025-07-23 10:37:00,2025-07-23 12:21:00,2025-07-23 13:25:00,57,64,161,2,9,False,False
6E1115,2025-07-24,BOM-DAC,09:40:00,10:33:00,12:21:00,13:24:00,2025-07-24 09:40:00,2025-07-24 10:33:00,2025-07-24 12:21:00,2025-07-24 13:24:00,53,63,161,3,9,False,False
6E1115,2025-07-25,BOM-DAC,09:40:00,10:45:00,12:21:00,13:27:00,2025-07-25 09:40:00,2025-07-25 10:45:00,2025-07-25 12:21:00,2025-07-25 13:27:00,65,66,161,4,9,False,False
6E2264,2025-07-19,BOM-IXC,09:40:00,10:51:00,11:34:00,12:51:00,2025-07-19 09:40:00,2025-07-19 10:51:00,2025-07-19 11:34:00,2025-07-19 12:51:00,71,77,114,5,9,True,False
6E2264,2025-07-20,BOM-IXC,09:40:00,10:41:00,11:34:00,12:37:00,2025-07-20 09:40:00,2025-07-20 10:41:00,2025-07-20 11:34:00,2025-07-20 12:37:00,61,63,114,6,9,True,False
6E2264,2025-07-21,BOM-IXC,09:40:00,11:00:00,11:34:00,12:49:00,2025-07-21 09:40:00,2025-07-21 11:00:00,2025-07-21 11:34:00,2025-07-21 12:49:00,80,75,114,0,9,False,False
6E2264,2025-07-22,BOM-IXC,09:40:00,10:58:00,11:34:00,12:59:00,2025-07-22 09:40:00,2025-07-22 10:58:00,2025-07-22 11:34:00,2025-07-22 12:59:00,78,85,114,1,9,False,False
6E2264,2025-07-23,BOM-IXC,09:40:00,11:07:00,11:34:00,13:04:00,2025-07-23 09:40:00,2025-07-23 11:07:00,2025-07-23 11:34:00,2025-07-23 13:04:00,87,90,114,2,9,False,False
6E2264,2025-07-24,BOM-IXC,09:40:00,10:50:00,11:34:00,12:47:00,2025-07-24 09:40:00,2025-07-24 10:50:00,2025-07-24 11:34:00,2025-07-24 12:47:00,70,73,114,3,9,False,False
6E2264,2025-07-25,BOM-IXC,09:40:00,11:08:00,11:34:00,13:17:00,2025-07-25 09:40:00,2025-07-25 11:08:00,2025-07-25 11:34:00,2025-07-25 13:17:00,88,103,114,4,9,False,False
AI2579,2025-07-19,BOM-UDR,09:45:00,11:19:00,10:48:00,12:29:00,2025-07-19 09:45:00,2025-07-19 11:19:00,2025-07-19 10:48:00,2025-07-19 12:29:00,94,101,63,5,9,True,False
AI2579,2025-07-20,BOM-UDR,09:45:00,11:21:00,10:48:00,12:29:00,2025-07-20 09:45:00,2025-07-20 11:21:00,2025-07-20 10:48:00,2025-07-20 12:29:00,96,101,63,6,9,True,False
AI2579,2025-07-21,BOM-UDR,09:45:00,11:21:00,10:48:00,12:22:00,2025-07-21 09:45:00,2025-07-21 11:21:00,2025-07-21 10:48:00,2025-07-21 12:22:00,96,94,63,0,9,False,False
AI2579,2025-07-22,BOM-UDR,09:45:00,11:36:00,10:48:00,12:39:00,2025-07-22 09:45:00,2025-07-22 11:36:00,2025-07-22 10:48:00,2025-07-22 12:39:00,111,111,63,1,9,False,False
AI2579,2025-07-23,BOM-UDR,09:45:00,11:57:00,10:48:00,13:03:00,2025-07-23 09:45:00,2025-07-23 11:57:00,2025-07-23 10:48:00,2025-07-23 13:03:00,132,135,63,2,9,False,False
AI2579,2025-07-24,BOM-UDR,09:45:00,11:22:00,10:48:00,12:23:00,2025-07-24 09:45:00,2025-07-24 11:22:00,2025-07-24 10:48:00,2025-07-24 12:23:00,97,95,63,3,9,False,False
AI2579,2025-07-25,BOM-UDR,09:45:00,11:58:00,10:48:00,13:09:00,2025-07-25 09:45:00,2025-07-25 11:58:00,2025-07-25 10:48:00,2025-07-25 13:09:00,133,141,63,4,9,False,False
6E5092,2025-07-19,BOM-BLR,09:50:00,10:15:00,11:11:00,11:41:00,2025-07-19 09:50:00,2025-07-19 10:15:00,2025-07-19 11:11:00,2025-07-19 11:41:00,25,30,81,5,9,True,False
6E5092,2025-07-20,BOM-BLR,09:50:00,10:20:00,11:11:00,11:55:00,2025-07-20 09:50:00,2025-07-20 10:20:00,2025-07-20 11:11:00,2025-07-20 11:55:00,30,44,81,6,9,True,False
6E5092,2025-07-21,BOM-BLR,09:50:00,10:33:00,11:11:00,11:52:00,2025-07-21 09:50:00,2025-07-21 10:33:00,2025-07-21 11:11:00,2025-07-21 11:52:00,43,41,81,0,9,False,False
6E5092,2025-07-22,BOM-BLR,09:50:00,10:25:00,11:11:00,11:59:00,2025-07-22 09:50:00,2025-07-22 10:25:00,2025-07-22 11:11:00,2025-07-22 11:59:00,35,48,81,1,9,False,False
6E5092,2025-07-23,BOM-BLR,09:50:00,10:13:00,11:11:00,11:37:00,2025-07-23 09:50:00,2025-07-23 10:13:00,2025-07-23 11:11:00,2025-07-23 11:37:00,23,26,81,2,9,False,False
6E5092,2025-07-24,BOM-BLR,09:50:00,10:03:00,11:11:00,11:32:00,2025-07-24 09:50:00,2025-07-24 10:03:00,2025-07-24 11:11:00,2025-07-24 11:32:00,13,21,81,3,9,False,False
6E5092,2025-07-25,BOM-BLR,09:50:00,10:01:00,11:11:00,11:33:00,2025-07-25 09:50:00,2025-07-25 10:01:00,2025-07-25 11:11:00,2025-07-25 11:33:00,11,22,81,4,9,False,False
6E5313,2025-07-19,BOM-MAA,09:55:00,11:08:00,11:29:00,12:43:00,2025-07-19 09:55:00,2025-07-19 11:08:00,2025-07-19 11:29:00,2025-07-19 12:43:00,73,74,94,5,9,True,False
6E5313,2025-07-20,BOM-MAA,09:55:00,10:57:00,11:29:00,12:39:00,2025-07-20 09:55:00,2025-07-20 10:57:00,2025-07-20 11:29:00,2025-07-20 12:39:00,62,70,94,6,9,True,False
6E5313,2025-07-21,BOM-MAA,09:55:00,11:02:00,11:29:00,12:41:00,2025-07-21 09:55:00,2025-07-21 11:02:00,2025-07-21 11:29:00,2025-07-21 12:41:00,67,72,94,0,9,False,False
6E5313,2025-07-22,BOM-MAA,09:55:00,11:37:00,11:29:00,13:16:00,2025-07-22 09:55:00,2025-07-22 11:37:00,2025-07-22 11:29:00,2025-07-22 13:16:00,102,107,94,1,9,False,False
6E5313,2025-07-23,BOM-MAA,09:55:00,11:05:00,11:29:00,12:43:00,2025-07-23 09:55:00,2025-07-23 11:05:00,2025-07-23 11:29:00,2025-07-23 12:43:00,70,74,94,2,9,False,False
6E5313,2025-07-24,BOM-MAA,09:55:00,11:30:00,11:29:00,13:08:00,2025-07-24 09:55:00,2025-07-24 11:30:00,2025-07-24 11:29:00,2025-07-24 13:08:00,95,99,94,3,9,False,False
6E5313,2025-07-25,BOM-MAA,09:55:00,11:24:00,11:29:00,13:03:00,2025-07-25 09:55:00,2025-07-25 11:24:00,2025-07-25 11:29:00,2025-07-25 13:03:00,89,94,94,4,9,False,False
AI2430,2025-07-19,BOM-DEL,10:00:00,10:47:00,11:43:00,12:34:00,2025-07-19 10:00:00,2025-07-19 10:47:00,2025-07-19 11:43:00,2025-07-19 12:34:00,47,51,103,5,10,True,False
AI2430,2025-07-20,BOM-DEL,10:00:00,10:57:00,11:43:00,12:39:00,2025-07-20 10:00:00,2025-07-20 10:57:00,2025-07-20 11:43:00,2025-07-20 12:39:00,57,56,103,6,10,True,False
AI2430,2025-07-21,BOM-DEL,10:00:00,10:51:00,11:43:00,12:42:00,2025-07-21 10:00:00,2025-07-21 10:51:00,2025-07-21 11:43:00,2025-07-21 12:42:00,51,59,103,0,10,False,False
AI2430,2025-07-22,BOM-DEL,10:00:00,11:03:00,11:43:00,12:46:00,2025-07-22 10:00:00,2025-07-22 11:03:00,2025-07-22 11:43:00,2025-07-22 12:46:00,63,63,103,1,10,False,False
AI2430,2025-07-23,BOM-DEL,10:00:00,11:18:00,11:43:00,13:14:00,2025-07-23 10:00:00,2025-07-23 11:18:00,2025-07-23 11:43:00,2025-07-23 13:14:00,78,91,103,2,10,False,False
AI2430,2025-07-24,BOM-DEL,10:00:00,10:58:00,11:43:00,12:48:00,2025-07-24 10:00:00,2025-07-24 10:58:00,2025-07-24 11:43:00,2025-07-24 12:48:00,58,65,103,3,10,False,False
AI2430,2025-07-25,BOM-DEL,10:00:00,11:14:00,11:43:00,12:52:00,2025-07-25 10:00:00,2025-07-25 11:14:00,2025-07-25 11:43:00,2025-07-25 12:52:00,74,69,103,4,10,False,False
6E5165,2025-07-19,BOM-CCU,10:05:00,10:38:00,12:32:00,13:09:00,2025-07-19 10:05:00,2025-07-19 10:38:00,2025-07-19 12:32:00,2025-07-19 13:09:00,33,37,147,5,10,True,False
6E5165,2025-07-20,BOM-CCU,10:05:00,10:32:00,12:32:00,13:07:00,2025-07-20 10:05:00,2025-07-20 10:32:00,2025-07-20 12:32:00,2025-07-20 13:07:00,27,35,147,6,10,True,False
6E5165,2025-07-21,BOM-CCU,10:05:00,11:09:00,12:32:00,13:50:00,2025-07-21 10:05:00,2025-07-21 11:09:00,2025-07-21 12:32:00,2025-07-21 13:50:00,64,78,147,0,10,False,False
6E5165,2025-07-22,BOM-CCU,10:05:00,10:52:00,12:32:00,13:28:00,2025-07-22 10:05:00,2025-07-22 10:52:00,2025-07-22 12:32:00,2025-07-22 13:28:00,47,56,147,1,10,False,False
6E5165,2025-07-23,BOM-CCU,10:05:00,11:00:00,12:32:00,13:36:00,2025-07-23 10:05:00,2025-07-23 11:00:00,2025-07-23 12:32:00,2025-07-23 13:36:00,55,64,147,2,10,False,False
6E5165,2025-07-24,BOM-CCU,10:05:00,10:45:00,12:32:00,13:23:00,2025-07-24 10:05:00,2025-07-24 10:45:00,2025-07-24 12:32:00,2025-07-24 13:23:00,40,51,147,3,10,False,False
6E5165,2025-07-25,BOM-CCU,10:05:00,11:02:00,12:32:00,13:29:00,2025-07-25 10:05:00,2025-07-25 11:02:00,2025-07-25 12:32:00,2025-07-25 13:29:00,57,57,147,4,10,False,False
AI2107,2025-07-19,BOM-SIN,10:05:00,10:43:00,15:39:00,16:21:00,2025-07-19 10:05:00,2025-07-19 10:43:00,2025-07-19 15:39:00,2025-07-19 16:21:00,38,42,334,5,10,True,False
AI2107,2025-07-20,BOM-SIN,10:05:00,11:10:00,15:39:00,16:59:00,2025-07-20 10:05:00,2025-07-20 11:10:00,2025-07-20 15:39:00,2025-07-20 16:59:00,65,80,334,6,10,True,False
AI2107,2025-07-21,BOM-SIN,10:05:00,11:38:00,15:39:00,17:17:00,2025-07-21 10:05:00,2025-07-21 11:38:00,2025-07-21 15:39:00,2025-07-21 17:17:00,93,98,334,0,10,False,False
AI2107,2025-07-22,BOM-SIN,10:05:00,11:04:00,15:39:00,16:40:00,2025-07-22 10:05:00,2025-07-22 11:04:00,2025-07-22 15:39:00,2025-07-22 16:40:00,59,61,334,1,10,False,False
AI2107,2025-07-23,BOM-SIN,10:05:00,11:18:00,15:39:00,16:54:00,2025-07-23 10:05:00,2025-07-23 11:18:00,2025-07-23 15:39:00,2025-07-23 16:54:00,73,75,334,2,10,False,False
AI2107,2025-07-24,BOM-SIN,10:05:00,11:11:00,15:39:00,16:44:00,2025-07-24 10:05:00,2025-07-24 11:11:00,2025-07-24 15:39:00,2025-07-24 16:44:00,66,65,334,3,10,False,False
AI2107,2025-07-25,BOM-SIN,10:05:00,11:00:00,15:39:00,16:30:00,2025-07-25 10:05:00,2025-07-25 11:00:00,2025-07-25 15:39:00,2025-07-25 16:30:00,55,51,334,4,10,False,False
AI2877,2025-07-19,BOM-HYD,10:05:00,10:40:00,11:14:00,11:59:00,2025-07-19 10:05:00,2025-07-19 10:40:00,2025-07-19 11:14:00,2025-07-19 11:59:00,35,45,69,5,10,True,False
AI2877,2025-07-20,BOM-HYD,10:05:00,11:04:00,11:14:00,12:10:00,2025-07-20 10:05:00,2025-07-20 11:04:00,2025-07-20 11:14:00,2025-07-20 12:10:00,59,56,69,6,10,True,False
AI2877,2025-07-21,BOM-HYD,10:05:00,11:09:00,11:14:00,12:26:00,2025-07-21 10:05:00,2025-07-21 11:09:00,2025-07-21 11:14:00,2025-07-21 12:26:00,64,72,69,0,10,False,False
AI2877,2025-07-22,BOM-HYD,10:05:00,11:20:00,11:14:00,12:42:00,2025-07-22 10:05:00,2025-07-22 11:20:00,2025-07-22 11:14:00,2025-07-22 12:42:00,75,88,69,1,10,False,False
AI2877,2025-07-23,BOM-HYD,10:05:00,10:52:00,11:14:00,12:08:00,2025-07-23 10:05:00,2025-07-23 10:52:00,2025-07-23 11:14:00,2025-07-23 12:08:00,47,54,69,2,10,False,False
AI2877,2025-07-24,BOM-HYD,10:05:00,11:11:00,11:14:00,12:27:00,2025-07-24 10:05:00,2025-07-24 11:11:00,2025-07-24 11:14:00,2025-07-24 12:27:00,66,73,69,3,10,False,False
AI2877,2025-07-25,BOM-HYD,10:05:00,10:55:00,11:14:00,12:03:00,2025-07-25 10:05:00,2025-07-25 10:55:00,2025-07-25 11:14:00,2025-07-25 12:03:00,50,49,69,4,10,False,False
6E791,2025-07-19,BOM-JLR,10:10:00,10:26:00,11:32:00,11:46:00,2025-07-19 10:10:00,2025-07-19 10:26:00,2025-07-19 11:32:00,2025-07-19 11:46:00,16,14,82,5,10,True,False
6E791,2025-07-20,BOM-JLR,10:10:00,10:53:00,11:32:00,12:17:00,2025-07-20 10:10:00,2025-07-20 10:53:00,2025-07-20 11:32:00,2025-07-20 12:17:00,43,45,82,6,10,True,False
6E791,2025-07-21,BOM-JLR,10:10:00,10:51:00,11:32:00,12:24:00,2025-07-21 10:10:00,2025-07-21 10:51:00,2025-07-21 11:32:00,2025-07-21 12:24:00,41,52,82,0,10,False,False
6E791,2025-07-22,BOM-JLR,10:10:00,11:09:00,11:32:00,12:27:00,2025-07-22 10:10:00,2025-07-22 11:09:00,2025-07-22 11:32:00,2025-07-22 12:27:00,59,55,82,1,10,False,False
6E791,2025-07-23,BOM-JLR,10:10:00,11:15:00,11:32:00,12:39:00,2025-07-23 10:10:00,2025-07-23 11:15:00,2025-07-23 11:32:00,2025-07-23 12:39:00,65,67,82,2,10,False,False
6E791,2025-07-24,BOM-JLR,10:10:00,10:47:00,11:32:00,12:18:00,2025-07-24 10:10:00,2025-07-24 10:47:00,2025-07-24 11:32:00,2025-07-24 12:18:00,37,46,82,3,10,False,False
6E791,2025-07-25,BOM-JLR,10:10:00,10:48:00,11:32:00,12:19:00,2025-07-25 10:10:00,2025-07-25 10:48:00,2025-07-25 11:32:00,2025-07-25 12:19:00,38,47,82,4,10,False,False
EK505,2025-07-19,BOM-DXB,10:15:00,11:13:00,12:46:00,13:56:00,2025-07-19 10:15:00,2025-07-19 11:13:00,2025-07-19 12:46:00,2025-07-19 13:56:00,58,70,151,5,10,True,False
EK505,2025-07-20,BOM-DXB,10:15:00,11:18:00,12:46:00,13:54:00,2025-07-20 10:15:00,2025-07-20 11:18:00,2025-07-20 12:46:00,2025-07-20 13:54:00,63,68,151,6,10,True,False
EK505,2025-07-21,BOM-DXB,10:15:00,11:25:00,12:46:00,14:10:00,2025-07-21 10:15:00,2025-07-21 11:25:00,2025-07-21 12:46:00,2025-07-21 14:10:00,70,84,151,0,10,False,False
EK505,2025-07-22,BOM-DXB,10:15:00,11:29:00,12:46:00,14:08:00,2025-07-22 10:15:00,2025-07-22 11:29:00,2025-07-22 12:46:00,2025-07-22 14:08:00,74,82,151,1,10,False,False
EK505,2025-07-23,BOM-DXB,10:15:00,11:32:00,12:46:00,14:12:00,2025-07-23 10:15:00,2025-07-23 11:32:00,2025-07-23 12:46:00,2025-07-23 14:12:00,77,86,151,2,10,False,False
EK505,2025-07-24,BOM-DXB,10:15:00,11:07:00,12:46:00,13:48:00,2025-07-24 10:15:00,2025-07-24 11:07:00,2025-07-24 12:46:00,2025-07-24 13:48:00,52,62,151,3,10,False,False
EK505,2025-07-25,BOM-DXB,10:15:00,11:25:00,12:46:00,13:59:00,2025-07-25 10:15:00,2025-07-25 11:25:00,2025-07-25 12:46:00,2025-07-25 13:59:00,70,73,151,4,10,False,False
AI695,2025-07-19,BOM-VNS,10:20:00,10:43:00,12:17:00,12:55:00,2025-07-19 10:20:00,2025-07-19 10:43:00,2025-07-19 12:17:00,2025-07-19 12:55:00,23,38,117,5,10,True,False
AI695,2025-07-20,BOM-VNS,10:20:00,10:45:00,12:17:00,12:53:00,2025-07-20 10:20:00,2025-07-20 10:45:00,2025-07-20 12:17:00,2025-07-20 12:53:00,25,36,117,6,10,True,False
AI695,2025-07-21,BOM-VNS,10:20:00,11:09:00,12:17:00,13:21:00,2025-07-21 10:20:00,2025-07-21 11:09:00,2025-07-21 12:17:00,2025-07-21 13:21:00,49,64,117,0,10,False,False
AI695,2025-07-22,BOM-VNS,10:20:00,10:53:00,12:17:00,12:53:00,2025-07-22 10:20:00,2025-07-22 10:53:00,2025-07-22 12:17:00,2025-07-22 12:53:00,33,36,117,1,10,False,False
AI695,2025-07-23,BOM-VNS,10:20:00,11:06:00,12:17:00,13:00:00,2025-07-23 10:20:00,2025-07-23 11:06:00,2025-07-23 12:17:00,2025-07-23 13:00:00,46,43,117,2,10,False,False
AI695,2025-07-24,BOM-VNS,10:20:00,10:56:00,12:17:00,12:55:00,2025-07-24 10:20:00,2025-07-24 10:56:00,2025-07-24 12:17:00,2025-07-24 12:55:00,36,38,117,3,10,False,False
AI695,2025-07-25,BOM-VNS,10:20:00,10:55:00,12:17:00,12:57:00,2025-07-25 10:20:00,2025-07-25 10:55:00,2025-07-25 12:17:00,2025-07-25 12:57:00,35,40,117,4,10,False,False
6E5181,2025-07-19,BOM-IDR,10:20:00,11:11:00,11:15:00,12:18:00,2025-07-19 10:20:00,2025-07-19 11:11:00,2025-07-19 11:15:00,2025-07-19 12:18:00,51,63,55,5,10,True,False
6E5181,2025-07-20,BOM-IDR,10:20:00,10:56:00,11:15:00,11:50:00,2025-07-20 10:20:00,2025-07-20 10:56:00,2025-07-20 11:15:00,2025-07-20 11:50:00,36,35,55,6,10,True,False
6E5181,2025-07-21,BOM-IDR,10:20:00,11:20:00,11:15:00,12:17:00,2025-07-21 10:20:00,2025-07-21 11:20:00,2025-07-21 11:15:00,2025-07-21 12:17:00,60,62,55,0,10,False,False
6E5181,2025-07-22,BOM-IDR,10:20:00,11:35:00,11:15:00,12:29:00,2025-07-22 10:20:00,2025-07-22 11:35:00,2025-07-22 11:15:00,2025-07-22 12:29:00,75,74,55,1,10,False,False
6E5181,2025-07-23,BOM-IDR,10:20:00,11:24:00,11:15:00,12:16:00,2025-07-23 10:20:00,2025-07-23 11:24:00,2025-07-23 11:15:00,2025-07-23 12:16:00,64,61,55,2,10,False,False
6E5181,2025-07-24,BOM-IDR,10:20:00,11:37:00,11:15:00,12:40:00,2025-07-24 10:20:00,2025-07-24 11:37:00,2025-07-24 11:15:00,2025-07-24 12:40:00,77,85,55,3,10,False,False
6E5181,2025-07-25,BOM-IDR,10:20:00,11:32:00,11:15:00,12:39:00,2025-07-25 10:20:00,2025-07-25 11:32:00,2025-07-25 11:15:00,2025-07-25 12:39:00,72,84,55,4,10,False,False
6E521,2025-07-19,BOM-ATQ,10:25:00,11:14:00,12:17:00,13:14:00,2025-07-19 10:25:00,2025-07-19 11:14:00,2025-07-19 12:17:00,2025-07-19 13:14:00,49,57,112,5,10,True,False
6E521,2025-07-20,BOM-ATQ,10:25:00,10:48:00,12:17:00,12:41:00,2025-07-20 10:25:00,2025-07-20 10:48:00,2025-07-20 12:17:00,2025-07-20 12:41:00,23,24,112,6,10,True,False
6E521,2025-07-21,BOM-ATQ,10:25:00,11:26:00,12:17:00,13:25:00,2025-07-21 10:25:00,2025-07-21 11:26:00,2025-07-21 12:17:00,2025-07-21 13:25:00,61,68,112,0,10,False,False
6E521,2025-07-22,BOM-ATQ,10:25:00,11:37:00,12:17:00,13:24:00,2025-07-22 10:25:00,2025-07-22 11:37:00,2025-07-22 12:17:00,2025-07-22 13:24:00,72,67,112,1,10,False,False
6E521,2025-07-23,BOM-ATQ,10:25:00,11:36:00,12:17:00,13:35:00,2025-07-23 10:25:00,2025-07-23 11:36:00,2025-07-23 12:17:00,2025-07-23 13:35:00,71,78,112,2,10,False,False
6E521,2025-07-24,BOM-ATQ,10:25:00,11:30:00,12:17:00,13:17:00,2025-07-24 10:25:00,2025-07-24 11:30:00,2025-07-24 12:17:00,2025-07-24 13:17:00,65,60,112,3,10,False,False
6E521,2025-07-25,BOM-ATQ,10:25:00,11:22:00,12:17:00,13:18:00,2025-07-25 10:25:00,2025-07-25 11:22:00,2025-07-25 12:17:00,2025-07-25 13:18:00,57,61,112,4,10,False,False
AI633,2025-07-19,BOM-BHO,10:25:00,11:31:00,11:35:00,12:49:00,2025-07-19 10:25:00,2025-07-19 11:31:00,2025-07-19 11:35:00,2025-07-19 12:49:00,66,74,70,5,10,True,False
AI633,2025-07-20,BOM-BHO,10:25:00,11:41:00,11:35:00,13:03:00,2025-07-20 10:25:00,2025-07-20 11:41:00,2025-07-20 11:35:00,2025-07-20 13:03:00,76,88,70,6,10,True,False
AI633,2025-07-21,BOM-BHO,10:25:00,12:09:00,11:35:00,13:21:00,2025-07-21 10:25:00,2025-07-21 12:09:00,2025-07-21 11:35:00,2025-07-21 13:21:00,104,106,70,0,10,False,False
AI633,2025-07-22,BOM-BHO,10:25:00,12:02:00,11:35:00,13:14:00,2025-07-22 10:25:00,2025-07-22 12:02:00,2025-07-22 11:35:00,2025-07-22 13:14:00,97,99,70,1,10,False,False
AI633,2025-07-23,BOM-BHO,10:25:00,11:48:00,11:35:00,13:06:00,2025-07-23 10:25:00,2025-07-23 11:48:00,2025-07-23 11:35:00,2025-07-23 13:06:00,83,91,70,2,10,False,False
AI633,2025-07-24,BOM-BHO,10:25:00,12:02:00,11:35:00,13:07:00,2025-07-24 10:25:00,2025-07-24 12:02:00,2025-07-24 11:35:00,2025-07-24 13:07:00,97,92,70,3,10,False,False
AI633,2025-07-25,BOM-BHO,10:25:00,11:55:00,11:35:00,13:10:00,2025-07-25 10:25:00,2025-07-25 11:55:00,2025-07-25 11:35:00,2025-07-25 13:10:00,90,95,70,4,10,False,False
AI2994,2025-07-19,BOM-DEL,10:30:00,11:23:00,12:13:00,13:06:00,2025-07-19 10:30:00,2025-07-19 11:23:00,2025-07-19 12:13:00,2025-07-19 13:06:00,53,53,103,5,10,True,False
AI2994,2025-07-20,BOM-DEL,10:30:00,11:27:00,12:13:00,13:09:00,2025-07-20 10:30:00,2025-07-20 11:27:00,2025-07-20 12:13:00,2025-07-20 13:09:00,57,56,103,6,10,True,False
AI2994,2025-07-21,BOM-DEL,10:30:00,11:56:00,12:13:00,13:51:00,2025-07-21 10:30:00,2025-07-21 11:56:00,2025-07-21 12:13:00,2025-07-21 13:51:00,86,98,103,0,10,False,False
AI2994,2025-07-22,BOM-DEL,10:30:00,11:18:00,12:13:00,13:08:00,2025-07-22 10:30:00,2025-07-22 11:18:00,2025-07-22 12:13:00,2025-07-22 13:08:00,48,55,103,1,10,False,False
AI2994,2025-07-23,BOM-DEL,10:30:00,11:54:00,12:13:00,13:50:00,2025-07-23 10:30:00,2025-07-23 11:54:00,2025-07-23 12:13:00,2025-07-23 13:50:00,84,97,103,2,10,False,False
AI2994,2025-07-24,BOM-DEL,10:30:00,11:18:00,12:13:00,12:58:00,2025-07-24 10:30:00,2025-07-24 11:18:00,2025-07-24 12:13:00,2025-07-24 12:58:00,48,45,103,3,10,False,False
AI2994,2025-07-25,BOM-DEL,10:30:00,11:44:00,12:13:00,13:26:00,2025-07-25 10:30:00,2025-07-25 11:44:00,2025-07-25 12:13:00,2025-07-25 13:26:00,74,73,103,4,10,False,False
6E535,2025-07-19,BOM-DBR,10:35:00,12:00:00,12:53:00,14:18:00,2025-07-19 10:35:00,2025-07-19 12:00:00,2025-07-19 12:53:00,2025-07-19 14:18:00,85,85,138,5,10,True,False
6E535,2025-07-20,BOM-DBR,10:35:00,11:34:00,12:53:00,13:55:00,2025-07-20 10:35:00,2025-07-20 11:34:00,2025-07-20 12:53:00,2025-07-20 13:55:00,59,62,138,6,10,True,False
6E535,2025-07-21,BOM-DBR,10:35:00,12:26:00,12:53:00,14:49:00,2025-07-21 10:35:00,2025-07-21 12:26:00,2025-07-21 12:53:00,2025-07-21 14:49:00,111,116,138,0,10,False,False
6E535,2025-07-22,BOM-DBR,10:35:00,12:15:00,12:53:00,14:42:00,2025-07-22 10:35:00,2025-07-22 12:15:00,2025-07-22 12:53:00,2025-07-22 14:42:00,100,109,138,1,10,False,False
6E535,2025-07-23,BOM-DBR,10:35:00,12:22:00,12:53:00,14:45:00,2025-07-23 10:35:00,2025-07-23 12:22:00,2025-07-23 12:53:00,2025-07-23 14:45:00,107,112,138,2,10,False,False
6E535,2025-07-24,BOM-DBR,10:35:00,12:26:00,12:53:00,14:47:00,2025-07-24 10:35:00,2025-07-24 12:26:00,2025-07-24 12:53:00,2025-07-24 14:47:00,111,114,138,3,10,False,False
6E535,2025-07-25,BOM-DBR,10:35:00,12:28:00,12:53:00,14:49:00,2025-07-25 10:35:00,2025-07-25 12:28:00,2025-07-25 12:53:00,2025-07-25 14:49:00,113,116,138,4,10,False,False
6E624,2025-07-19,BOM-TRV,10:35:00,11:42:00,12:24:00,13:41:00,2025-07-19 10:35:00,2025-07-19 11:42:00,2025-07-19 12:24:00,2025-07-19 13:41:00,67,77,109,5,10,True,False
6E624,2025-07-20,BOM-TRV,10:35:00,11:38:00,12:24:00,13:39:00,2025-07-20 10:35:00,2025-07-20 11:38:00,2025-07-20 12:24:00,2025-07-20 13:39:00,63,75,109,6,10,True,False
6E624,2025-07-21,BOM-TRV,10:35:00,12:13:00,12:24:00,14:08:00,2025-07-21 10:35:00,2025-07-21 12:13:00,2025-07-21 12:24:00,2025-07-21 14:08:00,98,104,109,0,10,False,False
6E624,2025-07-22,BOM-TRV,10:35:00,12:24:00,12:24:00,14:28:00,2025-07-22 10:35:00,2025-07-22 12:24:00,2025-07-22 12:24:00,2025-07-22 14:28:00,109,124,109,1,10,False,False
6E624,2025-07-23,BOM-TRV,10:35:00,12:14:00,12:24:00,14:18:00,2025-07-23 10:35:00,2025-07-23 12:14:00,2025-07-23 12:24:00,2025-07-23 14:18:00,99,114,109,2,10,False,False
6E624,2025-07-24,BOM-TRV,10:35:00,12:12:00,12:24:00,13:56:00,2025-07-24 10:35:00,2025-07-24 12:12:00,2025-07-24 12:24:00,2025-07-24 13:56:00,97,92,109,3,10,False,False
6E624,2025-07-25,BOM-TRV,10:35:00,12:25:00,12:24:00,14:15:00,2025-07-25 10:35:00,2025-07-25 12:25:00,2025-07-25 12:24:00,2025-07-25 14:15:00,110,111,109,4,10,False,False
6E6118,2025-07-19,BOM-TRZ,10:35:00,11:34:00,12:13:00,13:26:00,2025-07-19 10:35:00,2025-07-19 11:34:00,2025-07-19 12:13:00,2025-07-19 13:26:00,59,73,98,5,10,True,False
6E6118,2025-07-20,BOM-TRZ,10:35:00,11:42:00,12:13:00,13:22:00,2025-07-20 10:35:00,2025-07-20 11:42:00,2025-07-20 12:13:00,2025-07-20 13:22:00,67,69,98,6,10,True,False
6E6118,2025-07-21,BOM-TRZ,10:35:00,12:13:00,12:13:00,14:01:00,2025-07-21 10:35:00,2025-07-21 12:13:00,2025-07-21 12:13:00,2025-07-21 14:01:00,98,108,98,0,10,False,False
6E6118,2025-07-22,BOM-TRZ,10:35:00,12:12:00,12:13:00,14:03:00,2025-07-22 10:35:00,2025-07-22 12:12:00,2025-07-22 12:13:00,2025-07-22 14:03:00,97,110,98,1,10,False,False
6E6118,2025-07-23,BOM-TRZ,10:35:00,12:18:00,12:13:00,14:05:00,2025-07-23 10:35:00,2025-07-23 12:18:00,2025-07-23 12:13:00,2025-07-23 14:05:00,103,112,98,2,10,False,False
6E6118,2025-07-24,BOM-TRZ,10:35:00,12:21:00,12:13:00,14:05:00,2025-07-24 10:35:00,2025-07-24 12:21:00,2025-07-24 12:13:00,2025-07-24 14:05:00,106,112,98,3,10,False,False
6E6118,2025-07-25,BOM-TRZ,10:35:00,12:15:00,12:13:00,14:07:00,2025-07-25 10:35:00,2025-07-25 12:15:00,2025-07-25 12:13:00,2025-07-25 14:07:00,100,114,98,4,10,False,False
6E6087,2025-07-19,BOM-CNN,10:40:00,12:06:00,11:58:00,13:22:00,2025-07-19 10:40:00,2025-07-19 12:06:00,2025-07-19 11:58:00,2025-07-19 13:22:00,86,84,78,5,10,True,False
6E6087,2025-07-20,BOM-CNN,10:40:00,11:38:00,11:58:00,13:00:00,2025-07-20 10:40:00,2025-07-20 11:38:00,2025-07-20 11:58:00,2025-07-20 13:00:00,58,62,78,6,10,True,False
6E6087,2025-07-21,BOM-CNN,10:40:00,12:01:00,11:58:00,13:32:00,2025-07-21 10:40:00,2025-07-21 12:01:00,2025-07-21 11:58:00,2025-07-21 13:32:00,81,94,78,0,10,False,False
6E6087,2025-07-22,BOM-CNN,10:40:00,11:56:00,11:58:00,13:18:00,2025-07-22 10:40:00,2025-07-22 11:56:00,2025-07-22 11:58:00,2025-07-22 13:18:00,76,80,78,1,10,False,False
6E6087,2025-07-23,BOM-CNN,10:40:00,12:31:00,11:58:00,13:56:00,2025-07-23 10:40:00,2025-07-23 12:31:00,2025-07-23 11:58:00,2025-07-23 13:56:00,111,118,78,2,10,False,False
6E6087,2025-07-24,BOM-CNN,10:40:00,12:20:00,11:58:00,13:39:00,2025-07-24 10:40:00,2025-07-24 12:20:00,2025-07-24 11:58:00,2025-07-24 13:39:00,100,101,78,3,10,False,False
6E6087,2025-07-25,BOM-CNN,10:40:00,11:59:00,11:58:00,13:30:00,2025-07-25 10:40:00,2025-07-25 11:59:00,2025-07-25 11:58:00,2025-07-25 13:30:00,79,92,78,4,10,False,False
6E5321,2025-07-19,BOM-HSR,10:45:00,12:02:00,11:32:00,12:51:00,2025-07-19 10:45:00,2025-07-19 12:02:00,2025-07-19 11:32:00,2025-07-19 12:51:00,77,79,47,5,10,True,False
6E5321,2025-07-20,BOM-HSR,10:45:00,11:28:00,11:32:00,12:19:00,2025-07-20 10:45:00,2025-07-20 11:28:00,2025-07-20 11:32:00,2025-07-20 12:19:00,43,47,47,6,10,True,False
6E5321,2025-07-21,BOM-HSR,10:45:00,12:23:00,11:32:00,13:08:00,2025-07-21 10:45:00,2025-07-21 12:23:00,2025-07-21 11:32:00,2025-07-21 13:08:00,98,96,47,0,10,False,False
6E5321,2025-07-22,BOM-HSR,10:45:00,12:21:00,11:32:00,13:04:00,2025-07-22 10:45:00,2025-07-22 12:21:00,2025-07-22 11:32:00,2025-07-22 13:04:00,96,92,47,1,10,False,False
6E5321,2025-07-23,BOM-HSR,10:45:00,12:07:00,11:32:00,13:06:00,2025-07-23 10:45:00,2025-07-23 12:07:00,2025-07-23 11:32:00,2025-07-23 13:06:00,82,94,47,2,10,False,False
6E5321,2025-07-24,BOM-HSR,10:45:00,12:12:00,11:32:00,13:05:00,2025-07-24 10:45:00,2025-07-24 12:12:00,2025-07-24 11:32:00,2025-07-24 13:05:00,87,93,47,3,10,False,False
6E5321,2025-07-25,BOM-HSR,10:45:00,11:49:00,11:32:00,12:47:00,2025-07-25 10:45:00,2025-07-25 11:49:00,2025-07-25 11:32:00,2025-07-25 12:47:00,64,75,47,4,10,False,False
QP1529,2025-07-19,BOM-DBR,10:50:00,12:24:00,13:08:00,14:37:00,2025-07-19 10:50:00,2025-07-19 12:24:00,2025-07-19 13:08:00,2025-07-19 14:37:00,94,89,138,5,10,True,False
QP1529,2025-07-20,BOM-DBR,10:50:00,12:29:00,13:08:00,14:57:00,2025-07-20 10:50:00,2025-07-20 12:29:00,2025-07-20 13:08:00,2025-07-20 14:57:00,99,109,138,6,10,True,False
QP1529,2025-07-21,BOM-DBR,10:50:00,12:47:00,13:08:00,15:13:00,2025-07-21 10:50:00,2025-07-21 12:47:00,2025-07-21 13:08:00,2025-07-21 15:13:00,117,125,138,0,10,False,False
QP1529,2025-07-22,BOM-DBR,10:50:00,13:04:00,13:08:00,15:37:00,2025-07-22 10:50:00,2025-07-22 13:04:00,2025-07-22 13:08:00,2025-07-22 15:37:00,134,149,138,1,10,False,False
QP1529,2025-07-23,BOM-DBR,10:50:00,13:10:00,13:08:00,15:27:00,2025-07-23 10:50:00,2025-07-23 13:10:00,2025-07-23 13:08:00,2025-07-23 15:27:00,140,139,138,2,10,False,False
QP1529,2025-07-24,BOM-DBR,10:50:00,13:08:00,13:08:00,15:26:00,2025-07-24 10:50:00,2025-07-24 13:08:00,2025-07-24 13:08:00,2025-07-24 15:26:00,138,138,138,3,10,False,False
QP1529,2025-07-25,BOM-DBR,10:50:00,13:14:00,13:08:00,15:47:00,2025-07-25 10:50:00,2025-07-25 13:14:00,2025-07-25 13:08:00,2025-07-25 15:47:00,144,159,138,4,10,False,False
AI673,2025-07-19,BOM-PAT,10:50:00,11:38:00,13:02:00,14:04:00,2025-07-19 10:50:00,2025-07-19 11:38:00,2025-07-19 13:02:00,2025-07-19 14:04:00,48,62,132,5,10,True,False
AI673,2025-07-20,BOM-PAT,10:50:00,11:55:00,13:02:00,14:17:00,2025-07-20 10:50:00,2025-07-20 11:55:00,2025-07-20 13:02:00,2025-07-20 14:17:00,65,75,132,6,10,True,False
AI673,2025-07-21,BOM-PAT,10:50:00,12:10:00,13:02:00,14:30:00,2025-07-21 10:50:00,2025-07-21 12:10:00,2025-07-21 13:02:00,2025-07-21 14:30:00,80,88,132,0,10,False,False
AI673,2025-07-22,BOM-PAT,10:50:00,12:18:00,13:02:00,14:33:00,2025-07-22 10:50:00,2025-07-22 12:18:00,2025-07-22 13:02:00,2025-07-22 14:33:00,88,91,132,1,10,False,False
AI673,2025-07-23,BOM-PAT,10:50:00,12:01:00,13:02:00,14:15:00,2025-07-23 10:50:00,2025-07-23 12:01:00,2025-07-23 13:02:00,2025-07-23 14:15:00,71,73,132,2,10,False,False
AI673,2025-07-24,BOM-PAT,10:50:00,11:46:00,13:02:00,14:01:00,2025-07-24 10:50:00,2025-07-24 11:46:00,2025-07-24 13:02:00,2025-07-24 14:01:00,56,59,132,3,10,False,False
AI673,2025-07-25,BOM-PAT,10:50:00,12:09:00,13:02:00,14:23:00,2025-07-25 10:50:00,2025-07-25 12:09:00,2025-07-25 13:02:00,2025-07-25 14:23:00,79,81,132,4,10,False,False
VS355,2025-07-19,BOM-LHR,10:55:00,12:14:00,19:47:00,21:19:00,2025-07-19 10:55:00,2025-07-19 12:14:00,2025-07-19 19:47:00,2025-07-19 21:19:00,79,92,532,5,10,True,False
VS355,2025-07-20,BOM-LHR,10:55:00,12:24:00,19:47:00,21:23:00,2025-07-20 10:55:00,2025-07-20 12:24:00,2025-07-20 19:47:00,2025-07-20 21:23:00,89,96,532,6,10,True,False
VS355,2025-07-21,BOM-LHR,10:55:00,12:34:00,19:47:00,21:21:00,2025-07-21 10:55:00,2025-07-21 12:34:00,2025-07-21 19:47:00,2025-07-21 21:21:00,99,94,532,0,10,False,False
VS355,2025-07-22,BOM-LHR,10:55:00,12:44:00,19:47:00,21:41:00,2025-07-22 10:55:00,2025-07-22 12:44:00,2025-07-22 19:47:00,2025-07-22 21:41:00,109,114,532,1,10,False,False
VS355,2025-07-23,BOM-LHR,10:55:00,12:24:00,19:47:00,21:26:00,2025-07-23 10:55:00,2025-07-23 12:24:00,2025-07-23 19:47:00,2025-07-23 21:26:00,89,99,532,2,10,False,False
VS355,2025-07-24,BOM-LHR,10:55:00,12:26:00,19:47:00,21:24:00,2025-07-24 10:55:00,2025-07-24 12:26:00,2025-07-24 19:47:00,2025-07-24 21:24:00,91,97,532,3,10,False,False
VS355,2025-07-25,BOM-LHR,10:55:00,12:29:00,19:47:00,21:26:00,2025-07-25 10:55:00,2025-07-25 12:29:00,2025-07-25 19:47:00,2025-07-25 21:26:00,94,99,532,4,10,False,False
6E673,2025-07-19,BOM-COK,10:55:00,12:10:00,12:28:00,13:57:00,2025-07-19 10:55:00,2025-07-19 12:10:00,2025-07-19 12:28:00,2025-07-19 13:57:00,75,89,93,5,10,True,False
6E673,2025-07-20,BOM-COK,10:55:00,12:10:00,12:28:00,13:55:00,2025-07-20 10:55:00,2025-07-20 12:10:00,2025-07-20 12:28:00,2025-07-20 13:55:00,75,87,93,6,10,True,False
6E673,2025-07-21,BOM-COK,10:55:00,12:25:00,12:28:00,14:09:00,2025-07-21 10:55:00,2025-07-21 12:25:00,2025-07-21 12:28:00,2025-07-21 14:09:00,90,101,93,0,10,False,False
6E673,2025-07-22,BOM-COK,10:55:00,12:37:00,12:28:00,14:07:00,2025-07-22 10:55:00,2025-07-22 12:37:00,2025-07-22 12:28:00,2025-07-22 14:07:00,102,99,93,1,10,False,False
6E673,2025-07-23,BOM-COK,10:55:00,12:40:00,12:28:00,14:21:00,2025-07-23 10:55:00,2025-07-23 12:40:00,2025-07-23 12:28:00,2025-07-23 14:21:00,105,113,93,2,10,False,False
6E673,2025-07-24,BOM-COK,10:55:00,12:56:00,12:28:00,14:41:00,2025-07-24 10:55:00,2025-07-24 12:56:00,2025-07-24 12:28:00,2025-07-24 14:41:00,121,133,93,3,10,False,False
6E673,2025-07-25,BOM-COK,10:55:00,12:40:00,12:28:00,14:23:00,2025-07-25 10:55:00,2025-07-25 12:40:00,2025-07-25 12:28:00,2025-07-25 14:23:00,105,115,93,4,10,False,False
AI611,2025-07-19,BOM-JAI,11:00:00,11:45:00,12:23:00,13:17:00,2025-07-19 11:00:00,2025-07-19 11:45:00,2025-07-19 12:23:00,2025-07-19 13:17:00,45,54,83,5,11,True,False
AI611,2025-07-20,BOM-JAI,11:00:00,11:15:00,12:23:00,12:35:00,2025-07-20 11:00:00,2025-07-20 11:15:00,2025-07-20 12:23:00,2025-07-20 12:35:00,15,12,83,6,11,True,False
AI611,2025-07-21,BOM-JAI,11:00:00,11:45:00,12:23:00,13:10:00,2025-07-21 11:00:00,2025-07-21 11:45:00,2025-07-21 12:23:00,2025-07-21 13:10:00,45,47,83,0,11,False,False
AI611,2025-07-22,BOM-JAI,11:00:00,11:52:00,12:23:00,13:17:00,2025-07-22 11:00:00,2025-07-22 11:52:00,2025-07-22 12:23:00,2025-07-22 13:17:00,52,54,83,1,11,False,False
AI611,2025-07-23,BOM-JAI,11:00:00,11:46:00,12:23:00,13:22:00,2025-07-23 11:00:00,2025-07-23 11:46:00,2025-07-23 12:23:00,2025-07-23 13:22:00,46,59,83,2,11,False,False
AI611,2025-07-24,BOM-JAI,11:00:00,11:50:00,12:23:00,13:23:00,2025-07-24 11:00:00,2025-07-24 11:50:00,2025-07-24 12:23:00,2025-07-24 13:23:00,50,60,83,3,11,False,False
AI611,2025-07-25,BOM-JAI,11:00:00,12:02:00,12:23:00,13:36:00,2025-07-25 11:00:00,2025-07-25 12:02:00,2025-07-25 12:23:00,2025-07-25 13:36:00,62,73,83,4,11,False,False
AI647,2025-07-19,BOM-JGA,11:00:00,12:07:00,11:49:00,13:04:00,2025-07-19 11:00:00,2025-07-19 12:07:00,2025-07-19 11:49:00,2025-07-19 13:04:00,67,75,49,5,11,True,False
AI647,2025-07-20,BOM-JGA,11:00:00,12:20:00,11:49:00,13:14:00,2025-07-20 11:00:00,2025-07-20 12:20:00,2025-07-20 11:49:00,2025-07-20 13:14:00,80,85,49,6,11,True,False
AI647,2025-07-21,BOM-JGA,11:00:00,12:33:00,11:49:00,13:31:00,2025-07-21 11:00:00,2025-07-21 12:33:00,2025-07-21 11:49:00,2025-07-21 13:31:00,93,102,49,0,11,False,False
AI647,2025-07-22,BOM-JGA,11:00:00,12:28:00,11:49:00,13:21:00,2025-07-22 11:00:00,2025-07-22 12:28:00,2025-07-22 11:49:00,2025-07-22 13:21:00,88,92,49,1,11,False,False
AI647,2025-07-23,BOM-JGA,11:00:00,12:27:00,11:49:00,13:18:00,2025-07-23 11:00:00,2025-07-23 12:27:00,2025-07-23 11:49:00,2025-07-23 13:18:00,87,89,49,2,11,False,False
AI647,2025-07-24,BOM-JGA,11:00:00,12:18:00,11:49:00,13:08:00,2025-07-24 11:00:00,2025-07-24 12:18:00,2025-07-24 11:49:00,2025-07-24 13:08:00,78,79,49,3,11,False,False
AI647,2025-07-25,BOM-JGA,11:00:00,12:31:00,11:49:00,13:18:00,2025-07-25 11:00:00,2025-07-25 12:31:00,2025-07-25 11:49:00,2025-07-25 13:18:00,91,89,49,4,11,False,False
AI2444,2025-07-19,BOM-HYD,11:00:00,12:13:00,12:09:00,13:22:00,2025-07-19 11:00:00,2025-07-19 12:13:00,2025-07-19 12:09:00,2025-07-19 13:22:00,73,73,69,5,11,True,False
AI2444,2025-07-20,BOM-HYD,11:00:00,11:51:00,12:09:00,13:01:00,2025-07-20 11:00:00,2025-07-20 11:51:00,2025-07-20 12:09:00,2025-07-20 13:01:00,51,52,69,6,11,True,False
AI2444,2025-07-21,BOM-HYD,11:00:00,12:33:00,12:09:00,13:45:00,2025-07-21 11:00:00,2025-07-21 12:33:00,2025-07-21 12:09:00,2025-07-21 13:45:00,93,96,69,0,11,False,False
AI2444,2025-07-22,BOM-HYD,11:00:00,12:40:00,12:09:00,14:00:00,2025-07-22 11:00:00,2025-07-22 12:40:00,2025-07-22 12:09:00,2025-07-22 14:00:00,100,111,69,1,11,False,False
AI2444,2025-07-23,BOM-HYD,11:00:00,12:41:00,12:09:00,13:54:00,2025-07-23 11:00:00,2025-07-23 12:41:00,2025-07-23 12:09:00,2025-07-23 13:54:00,101,105,69,2,11,False,False
AI2444,2025-07-24,BOM-HYD,11:00:00,12:09:00,12:09:00,13:19:00,2025-07-24 11:00:00,2025-07-24 12:09:00,2025-07-24 12:09:00,2025-07-24 13:19:00,69,70,69,3,11,False,False
AI2444,2025-07-25,BOM-HYD,11:00:00,12:21:00,12:09:00,13:32:00,2025-07-25 11:00:00,2025-07-25 12:21:00,2025-07-25 12:09:00,2025-07-25 13:32:00,81,83,69,4,11,False,False
QP1385,2025-07-19,BOM-IXB,11:00:00,12:21:00,13:38:00,14:59:00,2025-07-19 11:00:00,2025-07-19 12:21:00,2025-07-19 13:38:00,2025-07-19 14:59:00,81,81,158,5,11,True,False
QP1385,2025-07-20,BOM-IXB,11:00:00,12:17:00,13:38:00,14:50:00,2025-07-20 11:00:00,2025-07-20 12:17:00,2025-07-20 13:38:00,2025-07-20 14:50:00,77,72,158,6,11,True,False
QP1385,2025-07-21,BOM-IXB,11:00:00,13:04:00,13:38:00,15:41:00,2025-07-21 11:00:00,2025-07-21 13:04:00,2025-07-21 13:38:00,2025-07-21 15:41:00,124,123,158,0,11,False,False
QP1385,2025-07-22,BOM-IXB,11:00:00,12:47:00,13:38:00,15:21:00,2025-07-22 11:00:00,2025-07-22 12:47:00,2025-07-22 13:38:00,2025-07-22 15:21:00,107,103,158,1,11,False,False
QP1385,2025-07-23,BOM-IXB,11:00:00,12:33:00,13:38:00,15:23:00,2025-07-23 11:00:00,2025-07-23 12:33:00,2025-07-23 13:38:00,2025-07-23 15:23:00,93,105,158,2,11,False,False
QP1385,2025-07-24,BOM-IXB,11:00:00,12:48:00,13:38:00,15:25:00,2025-07-24 11:00:00,2025-07-24 12:48:00,2025-07-24 13:38:00,2025-07-24 15:25:00,108,107,158,3,11,False,False
QP1385,2025-07-25,BOM-IXB,11:00:00,13:10:00,13:38:00,15:58:00,2025-07-25 11:00:00,2025-07-25 13:10:00,2025-07-25 13:38:00,2025-07-25 15:58:00,130,140,158,4,11,False,False
ET641,2025-07-19,BOM-ADD,11:05:00,11:59:00,15:23:00,16:12:00,2025-07-19 11:05:00,2025-07-19 11:59:00,2025-07-19 15:23:00,2025-07-19 16:12:00,54,49,258,5,11,True,False
ET641,2025-07-20,BOM-ADD,11:05:00,12:29:00,15:23:00,16:51:00,2025-07-20 11:05:00,2025-07-20 12:29:00,2025-07-20 15:23:00,2025-07-20 16:51:00,84,88,258,6,11,True,False
ET641,2025-07-21,BOM-ADD,11:05:00,12:50:00,15:23:00,17:18:00,2025-07-21 11:05:00,2025-07-21 12:50:00,2025-07-21 15:23:00,2025-07-21 17:18:00,105,115,258,0,11,False,False
ET641,2025-07-22,BOM-ADD,11:05:00,12:48:00,15:23:00,17:11:00,2025-07-22 11:05:00,2025-07-22 12:48:00,2025-07-22 15:23:00,2025-07-22 17:11:00,103,108,258,1,11,False,False
ET641,2025-07-23,BOM-ADD,11:05:00,12:31:00,15:23:00,16:45:00,2025-07-23 11:05:00,2025-07-23 12:31:00,2025-07-23 15:23:00,2025-07-23 16:45:00,86,82,258,2,11,False,False
ET641,2025-07-24,BOM-ADD,11:05:00,12:36:00,15:23:00,17:04:00,2025-07-24 11:05:00,2025-07-24 12:36:00,2025-07-24 15:23:00,2025-07-24 17:04:00,91,101,258,3,11,False,False
ET641,2025-07-25,BOM-ADD,11:05:00,12:27:00,15:23:00,16:42:00,2025-07-25 11:05:00,2025-07-25 12:27:00,2025-07-25 15:23:00,2025-07-25 16:42:00,82,79,258,4,11,False,False
SV771,2025-07-19,BOM-JED,11:05:00,12:07:00,15:10:00,16:22:00,2025-07-19 11:05:00,2025-07-19 12:07:00,2025-07-19 15:10:00,2025-07-19 16:22:00,62,72,245,5,11,True,False
SV771,2025-07-20,BOM-JED,11:05:00,11:46:00,15:10:00,16:04:00,2025-07-20 11:05:00,2025-07-20 11:46:00,2025-07-20 15:10:00,2025-07-20 16:04:00,41,54,245,6,11,True,False
SV771,2025-07-21,BOM-JED,11:05:00,12:44:00,15:10:00,16:45:00,2025-07-21 11:05:00,2025-07-21 12:44:00,2025-07-21 15:10:00,2025-07-21 16:45:00,99,95,245,0,11,False,False
SV771,2025-07-22,BOM-JED,11:05:00,12:13:00,15:10:00,16:17:00,2025-07-22 11:05:00,2025-07-22 12:13:00,2025-07-22 15:10:00,2025-07-22 16:17:00,68,67,245,1,11,False,False
SV771,2025-07-23,BOM-JED,11:05:00,12:40:00,15:10:00,16:49:00,2025-07-23 11:05:00,2025-07-23 12:40:00,2025-07-23 15:10:00,2025-07-23 16:49:00,95,99,245,2,11,False,False
SV771,2025-07-24,BOM-JED,11:05:00,12:09:00,15:10:00,16:16:00,2025-07-24 11:05:00,2025-07-24 12:09:00,2025-07-24 15:10:00,2025-07-24 16:16:00,64,66,245,3,11,False,False
SV771,2025-07-25,BOM-JED,11:05:00,12:11:00,15:10:00,16:28:00,2025-07-25 11:05:00,2025-07-25 12:11:00,2025-07-25 15:10:00,2025-07-25 16:28:00,66,78,245,4,11,False,False
6E1157,2025-07-19,BOM-KTM,11:05:00,12:27:00,13:35:00,15:11:00,2025-07-19 11:05:00,2025-07-19 12:27:00,2025-07-19 13:35:00,2025-07-19 15:11:00,82,96,150,5,11,True,False
6E1157,2025-07-20,BOM-KTM,11:05:00,12:39:00,13:35:00,15:23:00,2025-07-20 11:05:00,2025-07-20 12:39:00,2025-07-20 13:35:00,2025-07-20 15:23:00,94,108,150,6,11,True,False
6E1157,2025-07-21,BOM-KTM,11:05:00,12:46:00,13:35:00,15:27:00,2025-07-21 11:05:00,2025-07-21 12:46:00,2025-07-21 13:35:00,2025-07-21 15:27:00,101,112,150,0,11,False,False
6E1157,2025-07-22,BOM-KTM,11:05:00,12:56:00,13:35:00,15:35:00,2025-07-22 11:05:00,2025-07-22 12:56:00,2025-07-22 13:35:00,2025-07-22 15:35:00,111,120,150,1,11,False,False
6E1157,2025-07-23,BOM-KTM,11:05:00,13:00:00,13:35:00,15:34:00,2025-07-23 11:05:00,2025-07-23 13:00:00,2025-07-23 13:35:00,2025-07-23 15:34:00,115,119,150,2,11,False,False
6E1157,2025-07-24,BOM-KTM,11:05:00,13:09:00,13:35:00,15:47:00,2025-07-24 11:05:00,2025-07-24 13:09:00,2025-07-24 13:35:00,2025-07-24 15:47:00,124,132,150,3,11,False,False
6E1157,2025-07-25,BOM-KTM,11:05:00,12:51:00,13:35:00,15:34:00,2025-07-25 11:05:00,2025-07-25 12:51:00,2025-07-25 13:35:00,2025-07-25 15:34:00,106,119,150,4,11,False,False
EY201,2025-07-19,BOM-AUH,11:10:00,12:31:00,13:48:00,15:05:00,2025-07-19 11:10:00,2025-07-19 12:31:00,2025-07-19 13:48:00,2025-07-19 15:05:00,81,77,158,5,11,True,False
EY201,2025-07-20,BOM-AUH,11:10:00,12:31:00,13:48:00,15:07:00,2025-07-20 11:10:00,2025-07-20 12:31:00,2025-07-20 13:48:00,2025-07-20 15:07:00,81,79,158,6,11,True,False
EY201,2025-07-21,BOM-AUH,11:10:00,12:29:00,13:48:00,15:22:00,2025-07-21 11:10:00,2025-07-21 12:29:00,2025-07-21 13:48:00,2025-07-21 15:22:00,79,94,158,0,11,False,False
EY201,2025-07-22,BOM-AUH,11:10:00,12:29:00,13:48:00,15:10:00,2025-07-22 11:10:00,2025-07-22 12:29:00,2025-07-22 13:48:00,2025-07-22 15:10:00,79,82,158,1,11,False,False
EY201,2025-07-23,BOM-AUH,11:10:00,12:21:00,13:48:00,14:59:00,2025-07-23 11:10:00,2025-07-23 12:21:00,2025-07-23 13:48:00,2025-07-23 14:59:00,71,71,158,2,11,False,False
EY201,2025-07-24,BOM-AUH,11:10:00,12:31:00,13:48:00,15:09:00,2025-07-24 11:10:00,2025-07-24 12:31:00,2025-07-24 13:48:00,2025-07-24 15:09:00,81,81,158,3,11,False,False
EY201,2025-07-25,BOM-AUH,11:10:00,12:51:00,13:48:00,15:26:00,2025-07-25 11:10:00,2025-07-25 12:51:00,2025-07-25 13:48:00,2025-07-25 15:26:00,101,98,158,4,11,False,False
6E5307,2025-07-19,BOM-GOI,11:10:00,12:05:00,12:03:00,12:53:00,2025-07-19 11:10:00,2025-07-19 12:05:00,2025-07-19 12:03:00,2025-07-19 12:53:00,55,50,53,5,11,True,False
6E5307,2025-07-20,BOM-GOI,11:10:00,12:21:00,12:03:00,13:23:00,2025-07-20 11:10:00,2025-07-20 12:21:00,2025-07-20 12:03:00,2025-07-20 13:23:00,71,80,53,6,11,True,False
6E5307,2025-07-21,BOM-GOI,11:10:00,12:59:00,12:03:00,14:02:00,2025-07-21 11:10:00,2025-07-21 12:59:00,2025-07-21 12:03:00,2025-07-21 14:02:00,109,119,53,0,11,False,False
6E5307,2025-07-22,BOM-GOI,11:10:00,12:39:00,12:03:00,13:28:00,2025-07-22 11:10:00,2025-07-22 12:39:00,2025-07-22 12:03:00,2025-07-22 13:28:00,89,85,53,1,11,False,False
6E5307,2025-07-23,BOM-GOI,11:10:00,12:35:00,12:03:00,13:32:00,2025-07-23 11:10:00,2025-07-23 12:35:00,2025-07-23 12:03:00,2025-07-23 13:32:00,85,89,53,2,11,False,False
6E5307,2025-07-24,BOM-GOI,11:10:00,12:39:00,12:03:00,13:41:00,2025-07-24 11:10:00,2025-07-24 12:39:00,2025-07-24 12:03:00,2025-07-24 13:41:00,89,98,53,3,11,False,False
6E5307,2025-07-25,BOM-GOI,11:10:00,12:25:00,12:03:00,13:20:00,2025-07-25 11:10:00,2025-07-25 12:25:00,2025-07-25 12:03:00,2025-07-25 13:20:00,75,77,53,4,11,False,False
6E5316,2025-07-19,BOM-BEK,11:10:00,12:24:00,13:05:00,14:34:00,2025-07-19 11:10:00,2025-07-19 12:24:00,2025-07-19 13:05:00,2025-07-19 14:34:00,74,89,115,5,11,True,False
6E5316,2025-07-20,BOM-BEK,11:10:00,12:45:00,13:05:00,14:41:00,2025-07-20 11:10:00,2025-07-20 12:45:00,2025-07-20 13:05:00,2025-07-20 14:41:00,95,96,115,6,11,True,False
6E5316,2025-07-21,BOM-BEK,11:10:00,13:07:00,13:05:00,15:00:00,2025-07-21 11:10:00,2025-07-21 13:07:00,2025-07-21 13:05:00,2025-07-21 15:00:00,117,115,115,0,11,False,False
6E5316,2025-07-22,BOM-BEK,11:10:00,13:14:00,13:05:00,15:11:00,2025-07-22 11:10:00,2025-07-22 13:14:00,2025-07-22 13:05:00,2025-07-22 15:11:00,124,126,115,1,11,False,False
6E5316,2025-07-23,BOM-BEK,11:10:00,12:49:00,13:05:00,14:47:00,2025-07-23 11:10:00,2025-07-23 12:49:00,2025-07-23 13:05:00,2025-07-23 14:47:00,99,102,115,2,11,False,False
6E5316,2025-07-24,BOM-BEK,11:10:00,12:49:00,13:05:00,14:41:00,2025-07-24 11:10:00,2025-07-24 12:49:00,2025-07-24 13:05:00,2025-07-24 14:41:00,99,96,115,3,11,False,False
6E5316,2025-07-25,BOM-BEK,11:10:00,12:43:00,13:05:00,14:38:00,2025-07-25 11:10:00,2025-07-25 12:43:00,2025-07-25 13:05:00,2025-07-25 14:38:00,93,93,115,4,11,False,False
6E6827,2025-07-19,BOM-DEL,11:15:00,12:22:00,12:58:00,14:19:00,2025-07-19 11:15:00,2025-07-19 12:22:00,2025-07-19 12:58:00,2025-07-19 14:19:00,67,81,103,5,11,True,False
6E6827,2025-07-20,BOM-DEL,11:15:00,12:39:00,12:58:00,14:26:00,2025-07-20 11:15:00,2025-07-20 12:39:00,2025-07-20 12:58:00,2025-07-20 14:26:00,84,88,103,6,11,True,False
6E6827,2025-07-21,BOM-DEL,11:15:00,12:58:00,12:58:00,14:39:00,2025-07-21 11:15:00,2025-07-21 12:58:00,2025-07-21 12:58:00,2025-07-21 14:39:00,103,101,103,0,11,False,False
6E6827,2025-07-22,BOM-DEL,11:15:00,12:59:00,12:58:00,14:46:00,2025-07-22 11:15:00,2025-07-22 12:59:00,2025-07-22 12:58:00,2025-07-22 14:46:00,104,108,103,1,11,False,False
6E6827,2025-07-23,BOM-DEL,11:15:00,12:55:00,12:58:00,14:41:00,2025-07-23 11:15:00,2025-07-23 12:55:00,2025-07-23 12:58:00,2025-07-23 14:41:00,100,103,103,2,11,False,False
6E6827,2025-07-24,BOM-DEL,11:15:00,13:02:00,12:58:00,14:57:00,2025-07-24 11:15:00,2025-07-24 13:02:00,2025-07-24 12:58:00,2025-07-24 14:57:00,107,119,103,3,11,False,False
6E6827,2025-07-25,BOM-DEL,11:15:00,13:01:00,12:58:00,14:53:00,2025-07-25 11:15:00,2025-07-25 13:01:00,2025-07-25 12:58:00,2025-07-25 14:53:00,106,115,103,4,11,False,False
9I623,2025-07-19,BOM-DIU,11:15:00,12:50:00,11:59:00,13:48:00,2025-07-19 11:15:00,2025-07-19 12:50:00,2025-07-19 11:59:00,2025-07-19 13:48:00,95,109,44,5,11,True,False
9I623,2025-07-20,BOM-DIU,11:15:00,12:47:00,11:59:00,13:39:00,2025-07-20 11:15:00,2025-07-20 12:47:00,2025-07-20 11:59:00,2025-07-20 13:39:00,92,100,44,6,11,True,False
9I623,2025-07-21,BOM-DIU,11:15:00,13:50:00,11:59:00,14:48:00,2025-07-21 11:15:00,2025-07-21 13:50:00,2025-07-21 11:59:00,2025-07-21 14:48:00,155,169,44,0,11,False,False
9I623,2025-07-22,BOM-DIU,11:15:00,13:46:00,11:59:00,14:25:00,2025-07-22 11:15:00,2025-07-22 13:46:00,2025-07-22 11:59:00,2025-07-22 14:25:00,151,146,44,1,11,False,False
9I623,2025-07-23,BOM-DIU,11:15:00,13:35:00,11:59:00,14:21:00,2025-07-23 11:15:00,2025-07-23 13:35:00,2025-07-23 11:59:00,2025-07-23 14:21:00,140,142,44,2,11,False,False
9I623,2025-07-24,BOM-DIU,11:15:00,14:06:00,11:59:00,15:03:00,2025-07-24 11:15:00,2025-07-24 14:06:00,2025-07-24 11:59:00,2025-07-24 15:03:00,171,184,44,3,11,False,False
9I623,2025-07-25,BOM-DIU,11:15:00,13:31:00,11:59:00,14:18:00,2025-07-25 11:15:00,2025-07-25 13:31:00,2025-07-25 11:59:00,2025-07-25 14:18:00,136,139,44,4,11,False,False
AI2632,2025-07-19,BOM-BLR,11:20:00,12:35:00,12:38:00,13:49:00,2025-07-19 11:20:00,2025-07-19 12:35:00,2025-07-19 12:38:00,2025-07-19 13:49:00,75,71,78,5,11,True,False
AI2632,2025-07-20,BOM-BLR,11:20:00,12:10:00,12:38:00,13:38:00,2025-07-20 11:20:00,2025-07-20 12:10:00,2025-07-20 12:38:00,2025-07-20 13:38:00,50,60,78,6,11,True,False
AI2632,2025-07-21,BOM-BLR,11:20:00,12:56:00,12:38:00,14:29:00,2025-07-21 11:20:00,2025-07-21 12:56:00,2025-07-21 12:38:00,2025-07-21 14:29:00,96,111,78,0,11,False,False
AI2632,2025-07-22,BOM-BLR,11:20:00,12:51:00,12:38:00,14:12:00,2025-07-22 11:20:00,2025-07-22 12:51:00,2025-07-22 12:38:00,2025-07-22 14:12:00,91,94,78,1,11,False,False
AI2632,2025-07-23,BOM-BLR,11:20:00,12:34:00,12:38:00,14:05:00,2025-07-23 11:20:00,2025-07-23 12:34:00,2025-07-23 12:38:00,2025-07-23 14:05:00,74,87,78,2,11,False,False
AI2632,2025-07-24,BOM-BLR,11:20:00,12:50:00,12:38:00,14:23:00,2025-07-24 11:20:00,2025-07-24 12:50:00,2025-07-24 12:38:00,2025-07-24 14:23:00,90,105,78,3,11,False,False
AI2632,2025-07-25,BOM-BLR,11:20:00,12:54:00,12:38:00,14:09:00,2025-07-25 11:20:00,2025-07-25 12:54:00,2025-07-25 12:38:00,2025-07-25 14:09:00,94,91,78,4,11,False,False
SG2905,2025-07-19,BOM-IXY,11:30:00,13:02:00,13:16:00,14:54:00,2025-07-19 11:30:00,2025-07-19 13:02:00,2025-07-19 13:16:00,2025-07-19 14:54:00,92,98,106,5,11,True,False
SG2905,2025-07-20,BOM-IXY,11:30:00,12:58:00,13:16:00,14:49:00,2025-07-20 11:30:00,2025-07-20 12:58:00,2025-07-20 13:16:00,2025-07-20 14:49:00,88,93,106,6,11,True,False
SG2905,2025-07-21,BOM-IXY,11:30:00,13:25:00,13:16:00,15:09:00,2025-07-21 11:30:00,2025-07-21 13:25:00,2025-07-21 13:16:00,2025-07-21 15:09:00,115,113,106,0,11,False,False
SG2905,2025-07-22,BOM-IXY,11:30:00,13:15:00,13:16:00,15:06:00,2025-07-22 11:30:00,2025-07-22 13:15:00,2025-07-22 13:16:00,2025-07-22 15:06:00,105,110,106,1,11,False,False
SG2905,2025-07-23,BOM-IXY,11:30:00,13:31:00,13:16:00,15:27:00,2025-07-23 11:30:00,2025-07-23 13:31:00,2025-07-23 13:16:00,2025-07-23 15:27:00,121,131,106,2,11,False,False
SG2905,2025-07-24,BOM-IXY,11:30:00,13:23:00,13:16:00,15:16:00,2025-07-24 11:30:00,2025-07-24 13:23:00,2025-07-24 13:16:00,2025-07-24 15:16:00,113,120,106,3,11,False,False
SG2905,2025-07-25,BOM-IXY,11:30:00,13:40:00,13:16:00,15:22:00,2025-07-25 11:30:00,2025-07-25 13:40:00,2025-07-25 13:16:00,2025-07-25 15:22:00,130,126,106,4,11,False,False
AI2841,2025-07-19,BOM-GOI,11:30:00,12:41:00,12:23:00,13:31:00,2025-07-19 11:30:00,2025-07-19 12:41:00,2025-07-19 12:23:00,2025-07-19 13:31:00,71,68,53,5,11,True,False
AI2841,2025-07-20,BOM-GOI,11:30:00,12:32:00,12:23:00,13:28:00,2025-07-20 11:30:00,2025-07-20 12:32:00,2025-07-20 12:23:00,2025-07-20 13:28:00,62,65,53,6,11,True,False
AI2841,2025-07-21,BOM-GOI,11:30:00,12:56:00,12:23:00,13:47:00,2025-07-21 11:30:00,2025-07-21 12:56:00,2025-07-21 12:23:00,2025-07-21 13:47:00,86,84,53,0,11,False,False
AI2841,2025-07-22,BOM-GOI,11:30:00,13:01:00,12:23:00,14:05:00,2025-07-22 11:30:00,2025-07-22 13:01:00,2025-07-22 12:23:00,2025-07-22 14:05:00,91,102,53,1,11,False,False
AI2841,2025-07-23,BOM-GOI,11:30:00,12:36:00,12:23:00,13:41:00,2025-07-23 11:30:00,2025-07-23 12:36:00,2025-07-23 12:23:00,2025-07-23 13:41:00,66,78,53,2,11,False,False
AI2841,2025-07-24,BOM-GOI,11:30:00,13:05:00,12:23:00,14:06:00,2025-07-24 11:30:00,2025-07-24 13:05:00,2025-07-24 12:23:00,2025-07-24 14:06:00,95,103,53,3,11,False,False
AI2841,2025-07-25,BOM-GOI,11:30:00,12:39:00,12:23:00,13:33:00,2025-07-25 11:30:00,2025-07-25 12:39:00,2025-07-25 12:23:00,2025-07-25 13:33:00,69,70,53,4,11,False,False
6E5217,2025-07-19,BOM-BLR,11:30:00,12:34:00,12:48:00,13:58:00,2025-07-19 11:30:00,2025-07-19 12:34:00,2025-07-19 12:48:00,2025-07-19 13:58:00,64,70,78,5,11,True,False
6E5217,2025-07-20,BOM-BLR,11:30:00,12:40:00,12:48:00,14:08:00,2025-07-20 11:30:00,2025-07-20 12:40:00,2025-07-20 12:48:00,2025-07-20 14:08:00,70,80,78,6,11,True,False
6E5217,2025-07-21,BOM-BLR,11:30:00,13:01:00,12:48:00,14:28:00,2025-07-21 11:30:00,2025-07-21 13:01:00,2025-07-21 12:48:00,2025-07-21 14:28:00,91,100,78,0,11,False,False
6E5217,2025-07-22,BOM-BLR,11:30:00,12:24:00,12:48:00,13:43:00,2025-07-22 11:30:00,2025-07-22 12:24:00,2025-07-22 12:48:00,2025-07-22 13:43:00,54,55,78,1,11,False,False
6E5217,2025-07-23,BOM-BLR,11:30:00,12:38:00,12:48:00,14:08:00,2025-07-23 11:30:00,2025-07-23 12:38:00,2025-07-23 12:48:00,2025-07-23 14:08:00,68,80,78,2,11,False,False
6E5217,2025-07-24,BOM-BLR,11:30:00,12:29:00,12:48:00,13:51:00,2025-07-24 11:30:00,2025-07-24 12:29:00,2025-07-24 12:48:00,2025-07-24 13:51:00,59,63,78,3,11,False,False
6E5217,2025-07-25,BOM-BLR,11:30:00,12:49:00,12:48:00,14:17:00,2025-07-25 11:30:00,2025-07-25 12:49:00,2025-07-25 12:48:00,2025-07-25 14:17:00,79,89,78,4,11,False,False
AI2419,2025-07-19,BOM-DEL,11:40:00,12:12:00,13:23:00,13:50:00,2025-07-19 11:40:00,2025-07-19 12:12:00,2025-07-19 13:23:00,2025-07-19 13:50:00,32,27,103,5,11,True,False
AI2419,2025-07-20,BOM-DEL,11:40:00,12:45:00,13:23:00,14:42:00,2025-07-20 11:40:00,2025-07-20 12:45:00,2025-07-20 13:23:00,2025-07-20 14:42:00,65,79,103,6,11,True,False
AI2419,2025-07-21,BOM-DEL,11:40:00,12:37:00,13:23:00,14:20:00,2025-07-21 11:40:00,2025-07-21 12:37:00,2025-07-21 13:23:00,2025-07-21 14:20:00,57,57,103,0,11,False,False
AI2419,2025-07-22,BOM-DEL,11:40:00,12:41:00,13:23:00,14:36:00,2025-07-22 11:40:00,2025-07-22 12:41:00,2025-07-22 13:23:00,2025-07-22 14:36:00,61,73,103,1,11,False,False
AI2419,2025-07-23,BOM-DEL,11:40:00,12:22:00,13:23:00,14:17:00,2025-07-23 11:40:00,2025-07-23 12:22:00,2025-07-23 13:23:00,2025-07-23 14:17:00,42,54,103,2,11,False,False
AI2419,2025-07-24,BOM-DEL,11:40:00,12:48:00,13:23:00,14:28:00,2025-07-24 11:40:00,2025-07-24 12:48:00,2025-07-24 13:23:00,2025-07-24 14:28:00,68,65,103,3,11,False,False
AI2419,2025-07-25,BOM-DEL,11:40:00,12:36:00,13:23:00,14:17:00,2025-07-25 11:40:00,2025-07-25 12:36:00,2025-07-25 13:23:00,2025-07-25 14:17:00,56,54,103,4,11,False,False
AI2471,2025-07-19,BOM-CCU,11:40:00,12:29:00,14:07:00,14:54:00,2025-07-19 11:40:00,2025-07-19 12:29:00,2025-07-19 14:07:00,2025-07-19 14:54:00,49,47,147,5,11,True,False
AI2471,2025-07-20,BOM-CCU,11:40:00,12:09:00,14:07:00,14:46:00,2025-07-20 11:40:00,2025-07-20 12:09:00,2025-07-20 14:07:00,2025-07-20 14:46:00,29,39,147,6,11,True,False
AI2471,2025-07-21,BOM-CCU,11:40:00,12:33:00,14:07:00,15:11:00,2025-07-21 11:40:00,2025-07-21 12:33:00,2025-07-21 14:07:00,2025-07-21 15:11:00,53,64,147,0,11,False,False
AI2471,2025-07-22,BOM-CCU,11:40:00,12:32:00,14:07:00,15:07:00,2025-07-22 11:40:00,2025-07-22 12:32:00,2025-07-22 14:07:00,2025-07-22 15:07:00,52,60,147,1,11,False,False
AI2471,2025-07-23,BOM-CCU,11:40:00,12:45:00,14:07:00,15:22:00,2025-07-23 11:40:00,2025-07-23 12:45:00,2025-07-23 14:07:00,2025-07-23 15:22:00,65,75,147,2,11,False,False
AI2471,2025-07-24,BOM-CCU,11:40:00,12:30:00,14:07:00,15:06:00,2025-07-24 11:40:00,2025-07-24 12:30:00,2025-07-24 14:07:00,2025-07-24 15:06:00,50,59,147,3,11,False,False
AI2471,2025-07-25,BOM-CCU,11:40:00,12:50:00,14:07:00,15:16:00,2025-07-25 11:40:00,2025-07-25 12:50:00,2025-07-25 14:07:00,2025-07-25 15:16:00,70,69,147,4,11,False,False
SQ421,2025-07-19,BOM-SIN,11:45:00,13:05:00,16:39:00,18:00:00,2025-07-19 11:45:00,2025-07-19 13:05:00,2025-07-19 16:39:00,2025-07-19 18:00:00,80,81,294,5,11,True,False
SQ421,2025-07-20,BOM-SIN,11:45:00,13:19:00,16:39:00,18:24:00,2025-07-20 11:45:00,2025-07-20 13:19:00,2025-07-20 16:39:00,2025-07-20 18:24:00,94,105,294,6,11,True,False
SQ421,2025-07-21,BOM-SIN,11:45:00,13:20:00,16:39:00,18:11:00,2025-07-21 11:45:00,2025-07-21 13:20:00,2025-07-21 16:39:00,2025-07-21 18:11:00,95,92,294,0,11,False,False
SQ421,2025-07-22,BOM-SIN,11:45:00,13:29:00,16:39:00,18:31:00,2025-07-22 11:45:00,2025-07-22 13:29:00,2025-07-22 16:39:00,2025-07-22 18:31:00,104,112,294,1,11,False,False
SQ421,2025-07-23,BOM-SIN,11:45:00,13:33:00,16:39:00,18:38:00,2025-07-23 11:45:00,2025-07-23 13:33:00,2025-07-23 16:39:00,2025-07-23 18:38:00,108,119,294,2,11,False,False
SQ421,2025-07-24,BOM-SIN,11:45:00,13:29:00,16:39:00,18:18:00,2025-07-24 11:45:00,2025-07-24 13:29:00,2025-07-24 16:39:00,2025-07-24 18:18:00,104,99,294,3,11,False,False
SQ421,2025-07-25,BOM-SIN,11:45:00,13:30:00,16:39:00,18:28:00,2025-07-25 11:45:00,2025-07-25 13:30:00,2025-07-25 16:39:00,2025-07-25 18:28:00,105,109,294,4,11,False,False
6E5206,2025-07-19,BOM-MAA,11:50:00,13:12:00,13:24:00,14:59:00,2025-07-19 11:50:00,2025-07-19 13:12:00,2025-07-19 13:24:00,2025-07-19 14:59:00,82,95,94,5,11,True,False
6E5206,2025-07-20,BOM-MAA,11:50:00,13:06:00,13:24:00,14:39:00,2025-07-20 11:50:00,2025-07-20 13:06:00,2025-07-20 13:24:00,2025-07-20 14:39:00,76,75,94,6,11,True,False
6E5206,2025-07-21,BOM-MAA,11:50:00,13:29:00,13:24:00,15:15:00,2025-07-21 11:50:00,2025-07-21 13:29:00,2025-07-21 13:24:00,2025-07-21 15:15:00,99,111,94,0,11,False,False
6E5206,2025-07-22,BOM-MAA,11:50:00,13:31:00,13:24:00,15:11:00,2025-07-22 11:50:00,2025-07-22 13:31:00,2025-07-22 13:24:00,2025-07-22 15:11:00,101,107,94,1,11,False,False
6E5206,2025-07-23,BOM-MAA,11:50:00,13:22:00,13:24:00,15:08:00,2025-07-23 11:50:00,2025-07-23 13:22:00,2025-07-23 13:24:00,2025-07-23 15:08:00,92,104,94,2,11,False,False
6E5206,2025-07-24,BOM-MAA,11:50:00,13:35:00,13:24:00,15:16:00,2025-07-24 11:50:00,2025-07-24 13:35:00,2025-07-24 13:24:00,2025-07-24 15:16:00,105,112,94,3,11,False,False
6E5206,2025-07-25,BOM-MAA,11:50:00,13:30:00,13:24:00,15:09:00,2025-07-25 11:50:00,2025-07-25 13:30:00,2025-07-25 13:24:00,2025-07-25 15:09:00,100,105,94,4,11,False,False
6E5097,2025-07-19,BOM-HYD,11:55:00,13:03:00,13:04:00,14:14:00,2025-07-19 11:55:00,2025-07-19 13:03:00,2025-07-19 13:04:00,2025-07-19 14:14:00,68,70,69,5,11,True,False
6E5097,2025-07-20,BOM-HYD,11:55:00,13:27:00,13:04:00,14:43:00,2025-07-20 11:55:00,2025-07-20 13:27:00,2025-07-20 13:04:00,2025-07-20 14:43:00,92,99,69,6,11,True,False
6E5097,2025-07-21,BOM-HYD,11:55:00,13:36:00,13:04:00,14:53:00,2025-07-21 11:55:00,2025-07-21 13:36:00,2025-07-21 13:04:00,2025-07-21 14:53:00,101,109,69,0,11,False,False
6E5097,2025-07-22,BOM-HYD,11:55:00,13:24:00,13:04:00,14:38:00,2025-07-22 11:55:00,2025-07-22 13:24:00,2025-07-22 13:04:00,2025-07-22 14:38:00,89,94,69,1,11,False,False
6E5097,2025-07-23,BOM-HYD,11:55:00,13:52:00,13:04:00,15:08:00,2025-07-23 11:55:00,2025-07-23 13:52:00,2025-07-23 13:04:00,2025-07-23 15:08:00,117,124,69,2,11,False,False
6E5097,2025-07-24,BOM-HYD,11:55:00,13:46:00,13:04:00,15:10:00,2025-07-24 11:55:00,2025-07-24 13:46:00,2025-07-24 13:04:00,2025-07-24 15:10:00,111,126,69,3,11,False,False
6E5097,2025-07-25,BOM-HYD,11:55:00,13:31:00,13:04:00,14:50:00,2025-07-25 11:55:00,2025-07-25 13:31:00,2025-07-25 13:04:00,2025-07-25 14:50:00,96,106,69,4,11,False,False
AI2503,2025-07-19,BOM-CJB,12:00:00,12:12:00,13:31:00,13:42:00,2025-07-19 12:00:00,2025-07-19 12:12:00,2025-07-19 13:31:00,2025-07-19 13:42:00,12,11,91,5,12,True,False
AI2503,2025-07-20,BOM-CJB,12:00:00,12:42:00,13:31:00,14:26:00,2025-07-20 12:00:00,2025-07-20 12:42:00,2025-07-20 13:31:00,2025-07-20 14:26:00,42,55,91,6,12,True,False
AI2503,2025-07-21,BOM-CJB,12:00:00,12:42:00,13:31:00,14:11:00,2025-07-21 12:00:00,2025-07-21 12:42:00,2025-07-21 13:31:00,2025-07-21 14:11:00,42,40,91,0,12,False,False
AI2503,2025-07-22,BOM-CJB,12:00:00,12:49:00,13:31:00,14:18:00,2025-07-22 12:00:00,2025-07-22 12:49:00,2025-07-22 13:31:00,2025-07-22 14:18:00,49,47,91,1,12,False,False
AI2503,2025-07-23,BOM-CJB,12:00:00,12:54:00,13:31:00,14:34:00,2025-07-23 12:00:00,2025-07-23 12:54:00,2025-07-23 13:31:00,2025-07-23 14:34:00,54,63,91,2,12,False,False
AI2503,2025-07-24,BOM-CJB,12:00:00,12:21:00,13:31:00,13:51:00,2025-07-24 12:00:00,2025-07-24 12:21:00,2025-07-24 13:31:00,2025-07-24 13:51:00,21,20,91,3,12,False,False
AI2503,2025-07-25,BOM-CJB,12:00:00,12:47:00,13:31:00,14:33:00,2025-07-25 12:00:00,2025-07-25 12:47:00,2025-07-25 13:31:00,2025-07-25 14:33:00,47,62,91,4,12,False,False
6E5276,2025-07-19,BOM-GWL,12:00:00,12:32:00,13:31:00,14:00:00,2025-07-19 12:00:00,2025-07-19 12:32:00,2025-07-19 13:31:00,2025-07-19 14:00:00,32,29,91,5,12,True,False
6E5276,2025-07-20,BOM-GWL,12:00:00,12:53:00,13:31:00,14:27:00,2025-07-20 12:00:00,2025-07-20 12:53:00,2025-07-20 13:31:00,2025-07-20 14:27:00,53,56,91,6,12,True,False
6E5276,2025-07-21,BOM-GWL,12:00:00,13:00:00,13:31:00,14:45:00,2025-07-21 12:00:00,2025-07-21 13:00:00,2025-07-21 13:31:00,2025-07-21 14:45:00,60,74,91,0,12,False,False
6E5276,2025-07-22,BOM-GWL,12:00:00,13:04:00,13:31:00,14:50:00,2025-07-22 12:00:00,2025-07-22 13:04:00,2025-07-22 13:31:00,2025-07-22 14:50:00,64,79,91,1,12,False,False
6E5276,2025-07-23,BOM-GWL,12:00:00,12:44:00,13:31:00,14:20:00,2025-07-23 12:00:00,2025-07-23 12:44:00,2025-07-23 13:31:00,2025-07-23 14:20:00,44,49,91,2,12,False,False
6E5276,2025-07-24,BOM-GWL,12:00:00,13:13:00,13:31:00,14:51:00,2025-07-24 12:00:00,2025-07-24 13:13:00,2025-07-24 13:31:00,2025-07-24 14:51:00,73,80,91,3,12,False,False
6E5276,2025-07-25,BOM-GWL,12:00:00,12:59:00,13:31:00,14:45:00,2025-07-25 12:00:00,2025-07-25 12:59:00,2025-07-25 13:31:00,2025-07-25 14:45:00,59,74,91,4,12,False,False